accountId,monthOffset,value
acc-salesforce,-11,At-risk
acc-salesforce,-10,Healthy
acc-salesforce,-9,Healthy
acc-salesforce,-8,At-risk
acc-salesforce,-7,Healthy
acc-salesforce,-6,Healthy
acc-salesforce,-5,Healthy
acc-salesforce,-4,Healthy
acc-salesforce,-3,Healthy
acc-salesforce,-2,Healthy
acc-salesforce,-1,Healthy
acc-salesforce,0,Healthy
acc-googlecloud,-11,Healthy
acc-googlecloud,-10,Healthy
acc-googlecloud,-9,At-risk
acc-googlecloud,-8,At-risk
acc-googlecloud,-7,At-risk
acc-googlecloud,-6,At-risk
acc-googlecloud,-5,At-risk
acc-googlecloud,-4,At-risk
acc-googlecloud,-3,At-risk
acc-googlecloud,-2,At-risk
acc-googlecloud,-1,At-risk
acc-googlecloud,0,At-risk
acc-wellsfargobank,-11,Healthy
acc-wellsfargobank,-10,At-risk
acc-wellsfargobank,-9,At-risk
acc-wellsfargobank,-8,At-risk
acc-wellsfargobank,-7,Critical
acc-wellsfargobank,-6,At-risk
acc-wellsfargobank,-5,Critical
acc-wellsfargobank,-4,At-risk
acc-wellsfargobank,-3,Critical
acc-wellsfargobank,-2,Critical
acc-wellsfargobank,-1,Critical
acc-wellsfargobank,0,Critical
acc-adobe,-11,Healthy
acc-adobe,-10,At-risk
acc-adobe,-9,At-risk
acc-adobe,-8,At-risk
acc-adobe,-7,Critical
acc-adobe,-6,At-risk
acc-adobe,-5,Critical
acc-adobe,-4,At-risk
acc-adobe,-3,Critical
acc-adobe,-2,Critical
acc-adobe,-1,Critical
acc-adobe,0,Critical
acc-nvidia,-11,At-risk
acc-nvidia,-10,Healthy
acc-nvidia,-9,Healthy
acc-nvidia,-8,At-risk
acc-nvidia,-7,Healthy
acc-nvidia,-6,Healthy
acc-nvidia,-5,Healthy
acc-nvidia,-4,Healthy
acc-nvidia,-3,Healthy
acc-nvidia,-2,Healthy
acc-nvidia,-1,Healthy
acc-nvidia,0,Healthy
acc-cisco,-11,At-risk
acc-cisco,-10,At-risk
acc-cisco,-9,At-risk
acc-cisco,-8,Healthy
acc-cisco,-7,At-risk
acc-cisco,-6,At-risk
acc-cisco,-5,At-risk
acc-cisco,-4,Healthy
acc-cisco,-3,At-risk
acc-cisco,-2,At-risk
acc-cisco,-1,At-risk
acc-cisco,0,At-risk
acc-oracle,-11,At-risk
acc-oracle,-10,At-risk
acc-oracle,-9,At-risk
acc-oracle,-8,Healthy
acc-oracle,-7,At-risk
acc-oracle,-6,At-risk
acc-oracle,-5,At-risk
acc-oracle,-4,Healthy
acc-oracle,-3,At-risk
acc-oracle,-2,At-risk
acc-oracle,-1,At-risk
acc-oracle,0,At-risk
acc-visa,-11,At-risk
acc-visa,-10,Healthy
acc-visa,-9,Healthy
acc-visa,-8,At-risk
acc-visa,-7,Healthy
acc-visa,-6,Healthy
acc-visa,-5,Healthy
acc-visa,-4,Healthy
acc-visa,-3,Healthy
acc-visa,-2,Healthy
acc-visa,-1,Healthy
acc-visa,0,Healthy
acc-chevron,-11,At-risk
acc-chevron,-10,At-risk
acc-chevron,-9,At-risk
acc-chevron,-8,Healthy
acc-chevron,-7,At-risk
acc-chevron,-6,At-risk
acc-chevron,-5,At-risk
acc-chevron,-4,Healthy
acc-chevron,-3,At-risk
acc-chevron,-2,At-risk
acc-chevron,-1,At-risk
acc-chevron,0,At-risk
acc-kaiser,-11,At-risk
acc-kaiser,-10,Healthy
acc-kaiser,-9,Healthy
acc-kaiser,-8,At-risk
acc-kaiser,-7,Healthy
acc-kaiser,-6,Healthy
acc-kaiser,-5,Healthy
acc-kaiser,-4,Healthy
acc-kaiser,-3,Healthy
acc-kaiser,-2,Healthy
acc-kaiser,-1,Healthy
acc-kaiser,0,Healthy
acc-stanfordhc,-11,At-risk
acc-stanfordhc,-10,At-risk
acc-stanfordhc,-9,At-risk
acc-stanfordhc,-8,Healthy
acc-stanfordhc,-7,At-risk
acc-stanfordhc,-6,At-risk
acc-stanfordhc,-5,At-risk
acc-stanfordhc,-4,Healthy
acc-stanfordhc,-3,At-risk
acc-stanfordhc,-2,At-risk
acc-stanfordhc,-1,At-risk
acc-stanfordhc,0,At-risk
acc-pge,-11,Healthy
acc-pge,-10,At-risk
acc-pge,-9,At-risk
acc-pge,-8,At-risk
acc-pge,-7,Critical
acc-pge,-6,At-risk
acc-pge,-5,Critical
acc-pge,-4,At-risk
acc-pge,-3,Critical
acc-pge,-2,Critical
acc-pge,-1,Critical
acc-pge,0,Critical
acc-youtube,-11,At-risk
acc-youtube,-10,Healthy
acc-youtube,-9,Healthy
acc-youtube,-8,At-risk
acc-youtube,-7,Healthy
acc-youtube,-6,Healthy
acc-youtube,-5,Healthy
acc-youtube,-4,Healthy
acc-youtube,-3,Healthy
acc-youtube,-2,Healthy
acc-youtube,-1,Healthy
acc-youtube,0,Healthy
acc-waymo,-11,Healthy
acc-waymo,-10,Healthy
acc-waymo,-9,At-risk
acc-waymo,-8,At-risk
acc-waymo,-7,At-risk
acc-waymo,-6,At-risk
acc-waymo,-5,At-risk
acc-waymo,-4,At-risk
acc-waymo,-3,At-risk
acc-waymo,-2,At-risk
acc-waymo,-1,At-risk
acc-waymo,0,At-risk
acc-wfsecurities,-11,Healthy
acc-wfsecurities,-10,Healthy
acc-wfsecurities,-9,At-risk
acc-wfsecurities,-8,At-risk
acc-wfsecurities,-7,At-risk
acc-wfsecurities,-6,At-risk
acc-wfsecurities,-5,At-risk
acc-wfsecurities,-4,At-risk
acc-wfsecurities,-3,At-risk
acc-wfsecurities,-2,At-risk
acc-wfsecurities,-1,At-risk
acc-wfsecurities,0,At-risk
acc-slack,-11,At-risk
acc-slack,-10,Healthy
acc-slack,-9,Healthy
acc-slack,-8,At-risk
acc-slack,-7,Healthy
acc-slack,-6,Healthy
acc-slack,-5,Healthy
acc-slack,-4,Healthy
acc-slack,-3,Healthy
acc-slack,-2,Healthy
acc-slack,-1,Healthy
acc-slack,0,Healthy
acc-tableau,-11,At-risk
acc-tableau,-10,At-risk
acc-tableau,-9,At-risk
acc-tableau,-8,Healthy
acc-tableau,-7,At-risk
acc-tableau,-6,At-risk
acc-tableau,-5,At-risk
acc-tableau,-4,Healthy
acc-tableau,-3,At-risk
acc-tableau,-2,At-risk
acc-tableau,-1,At-risk
acc-tableau,0,At-risk
acc-mulesoft,-11,At-risk
acc-mulesoft,-10,Healthy
acc-mulesoft,-9,Healthy
acc-mulesoft,-8,At-risk
acc-mulesoft,-7,Healthy
acc-mulesoft,-6,Healthy
acc-mulesoft,-5,Healthy
acc-mulesoft,-4,Healthy
acc-mulesoft,-3,Healthy
acc-mulesoft,-2,Healthy
acc-mulesoft,-1,Healthy
acc-mulesoft,0,Healthy
acc-sutterhealth,-11,At-risk
acc-sutterhealth,-10,At-risk
acc-sutterhealth,-9,At-risk
acc-sutterhealth,-8,Healthy
acc-sutterhealth,-7,At-risk
acc-sutterhealth,-6,At-risk
acc-sutterhealth,-5,At-risk
acc-sutterhealth,-4,Healthy
acc-sutterhealth,-3,At-risk
acc-sutterhealth,-2,At-risk
acc-sutterhealth,-1,At-risk
acc-sutterhealth,0,At-risk
acc-intel,-11,Healthy
acc-intel,-10,Healthy
acc-intel,-9,At-risk
acc-intel,-8,At-risk
acc-intel,-7,At-risk
acc-intel,-6,At-risk
acc-intel,-5,At-risk
acc-intel,-4,At-risk
acc-intel,-3,At-risk
acc-intel,-2,At-risk
acc-intel,-1,At-risk
acc-intel,0,At-risk
acc-netflix,-11,At-risk
acc-netflix,-10,Healthy
acc-netflix,-9,Healthy
acc-netflix,-8,At-risk
acc-netflix,-7,Healthy
acc-netflix,-6,Healthy
acc-netflix,-5,Healthy
acc-netflix,-4,Healthy
acc-netflix,-3,Healthy
acc-netflix,-2,Healthy
acc-netflix,-1,Healthy
acc-netflix,0,Healthy
acc-stripe,-11,At-risk
acc-stripe,-10,Healthy
acc-stripe,-9,Healthy
acc-stripe,-8,At-risk
acc-stripe,-7,Healthy
acc-stripe,-6,Healthy
acc-stripe,-5,Healthy
acc-stripe,-4,Healthy
acc-stripe,-3,Healthy
acc-stripe,-2,Healthy
acc-stripe,-1,Healthy
acc-stripe,0,Healthy
acc-pinterest,-11,Healthy
acc-pinterest,-10,At-risk
acc-pinterest,-9,At-risk
acc-pinterest,-8,At-risk
acc-pinterest,-7,Critical
acc-pinterest,-6,At-risk
acc-pinterest,-5,Critical
acc-pinterest,-4,At-risk
acc-pinterest,-3,Critical
acc-pinterest,-2,Critical
acc-pinterest,-1,Critical
acc-pinterest,0,Critical
acc-servicenow,-11,At-risk
acc-servicenow,-10,Healthy
acc-servicenow,-9,Healthy
acc-servicenow,-8,At-risk
acc-servicenow,-7,Healthy
acc-servicenow,-6,Healthy
acc-servicenow,-5,Healthy
acc-servicenow,-4,Healthy
acc-servicenow,-3,Healthy
acc-servicenow,-2,Healthy
acc-servicenow,-1,Healthy
acc-servicenow,0,Healthy
acc-workday,-11,At-risk
acc-workday,-10,At-risk
acc-workday,-9,At-risk
acc-workday,-8,Healthy
acc-workday,-7,At-risk
acc-workday,-6,At-risk
acc-workday,-5,At-risk
acc-workday,-4,Healthy
acc-workday,-3,At-risk
acc-workday,-2,At-risk
acc-workday,-1,At-risk
acc-workday,0,At-risk
acc-twilio,-11,Healthy
acc-twilio,-10,Healthy
acc-twilio,-9,At-risk
acc-twilio,-8,At-risk
acc-twilio,-7,At-risk
acc-twilio,-6,At-risk
acc-twilio,-5,At-risk
acc-twilio,-4,At-risk
acc-twilio,-3,At-risk
acc-twilio,-2,At-risk
acc-twilio,-1,At-risk
acc-twilio,0,At-risk
acc-doordash,-11,At-risk
acc-doordash,-10,At-risk
acc-doordash,-9,At-risk
acc-doordash,-8,Healthy
acc-doordash,-7,At-risk
acc-doordash,-6,At-risk
acc-doordash,-5,At-risk
acc-doordash,-4,Healthy
acc-doordash,-3,At-risk
acc-doordash,-2,At-risk
acc-doordash,-1,At-risk
acc-doordash,0,At-risk
acc-lyft,-11,At-risk
acc-lyft,-10,At-risk
acc-lyft,-9,At-risk
acc-lyft,-8,Healthy
acc-lyft,-7,At-risk
acc-lyft,-6,At-risk
acc-lyft,-5,At-risk
acc-lyft,-4,Healthy
acc-lyft,-3,At-risk
acc-lyft,-2,At-risk
acc-lyft,-1,At-risk
acc-lyft,0,At-risk
acc-airbnb,-11,At-risk
acc-airbnb,-10,Healthy
acc-airbnb,-9,Healthy
acc-airbnb,-8,At-risk
acc-airbnb,-7,Healthy
acc-airbnb,-6,Healthy
acc-airbnb,-5,Healthy
acc-airbnb,-4,Healthy
acc-airbnb,-3,Healthy
acc-airbnb,-2,Healthy
acc-airbnb,-1,Healthy
acc-airbnb,0,Healthy
acc-databricks,-11,At-risk
acc-databricks,-10,Healthy
acc-databricks,-9,Healthy
acc-databricks,-8,At-risk
acc-databricks,-7,Healthy
acc-databricks,-6,Healthy
acc-databricks,-5,Healthy
acc-databricks,-4,Healthy
acc-databricks,-3,Healthy
acc-databricks,-2,Healthy
acc-databricks,-1,Healthy
acc-databricks,0,Healthy
acc-snowflake,-11,At-risk
acc-snowflake,-10,Healthy
acc-snowflake,-9,Healthy
acc-snowflake,-8,At-risk
acc-snowflake,-7,Healthy
acc-snowflake,-6,Healthy
acc-snowflake,-5,Healthy
acc-snowflake,-4,Healthy
acc-snowflake,-3,Healthy
acc-snowflake,-2,Healthy
acc-snowflake,-1,Healthy
acc-snowflake,0,Healthy
acc-reddit,-11,Healthy
acc-reddit,-10,At-risk
acc-reddit,-9,At-risk
acc-reddit,-8,At-risk
acc-reddit,-7,Critical
acc-reddit,-6,At-risk
acc-reddit,-5,Critical
acc-reddit,-4,At-risk
acc-reddit,-3,Critical
acc-reddit,-2,Critical
acc-reddit,-1,Critical
acc-reddit,0,Critical
acc-roblox,-11,At-risk
acc-roblox,-10,At-risk
acc-roblox,-9,At-risk
acc-roblox,-8,Healthy
acc-roblox,-7,At-risk
acc-roblox,-6,At-risk
acc-roblox,-5,At-risk
acc-roblox,-4,Healthy
acc-roblox,-3,At-risk
acc-roblox,-2,At-risk
acc-roblox,-1,At-risk
acc-roblox,0,At-risk
acc-ebay,-11,At-risk
acc-ebay,-10,Healthy
acc-ebay,-9,Healthy
acc-ebay,-8,At-risk
acc-ebay,-7,Healthy
acc-ebay,-6,Healthy
acc-ebay,-5,Healthy
acc-ebay,-4,Healthy
acc-ebay,-3,Healthy
acc-ebay,-2,Healthy
acc-ebay,-1,Healthy
acc-ebay,0,Healthy
acc-schwab,-11,At-risk
acc-schwab,-10,Healthy
acc-schwab,-9,Healthy
acc-schwab,-8,At-risk
acc-schwab,-7,Healthy
acc-schwab,-6,Healthy
acc-schwab,-5,Healthy
acc-schwab,-4,Healthy
acc-schwab,-3,Healthy
acc-schwab,-2,Healthy
acc-schwab,-1,Healthy
acc-schwab,0,Healthy
acc-genentech,-11,Healthy
acc-genentech,-10,Healthy
acc-genentech,-9,At-risk
acc-genentech,-8,At-risk
acc-genentech,-7,At-risk
acc-genentech,-6,At-risk
acc-genentech,-5,At-risk
acc-genentech,-4,At-risk
acc-genentech,-3,At-risk
acc-genentech,-2,At-risk
acc-genentech,-1,At-risk
acc-genentech,0,At-risk
acc-ucsfhealth,-11,Healthy
acc-ucsfhealth,-10,Healthy
acc-ucsfhealth,-9,At-risk
acc-ucsfhealth,-8,At-risk
acc-ucsfhealth,-7,At-risk
acc-ucsfhealth,-6,At-risk
acc-ucsfhealth,-5,At-risk
acc-ucsfhealth,-4,At-risk
acc-ucsfhealth,-3,At-risk
acc-ucsfhealth,-2,At-risk
acc-ucsfhealth,-1,At-risk
acc-ucsfhealth,0,At-risk
acc-gilead,-11,At-risk
acc-gilead,-10,Healthy
acc-gilead,-9,Healthy
acc-gilead,-8,At-risk
acc-gilead,-7,Healthy
acc-gilead,-6,Healthy
acc-gilead,-5,Healthy
acc-gilead,-4,Healthy
acc-gilead,-3,Healthy
acc-gilead,-2,Healthy
acc-gilead,-1,Healthy
acc-gilead,0,Healthy
acc-ea,-11,At-risk
acc-ea,-10,At-risk
acc-ea,-9,At-risk
acc-ea,-8,Healthy
acc-ea,-7,At-risk
acc-ea,-6,At-risk
acc-ea,-5,At-risk
acc-ea,-4,Healthy
acc-ea,-3,At-risk
acc-ea,-2,At-risk
acc-ea,-1,At-risk
acc-ea,0,At-risk
acc-williamssonoma,-11,Healthy
acc-williamssonoma,-10,At-risk
acc-williamssonoma,-9,At-risk
acc-williamssonoma,-8,At-risk
acc-williamssonoma,-7,Critical
acc-williamssonoma,-6,At-risk
acc-williamssonoma,-5,Critical
acc-williamssonoma,-4,At-risk
acc-williamssonoma,-3,Critical
acc-williamssonoma,-2,Critical
acc-williamssonoma,-1,Critical
acc-williamssonoma,0,Critical
acc-sutterbay,-11,Healthy
acc-sutterbay,-10,Healthy
acc-sutterbay,-9,At-risk
acc-sutterbay,-8,At-risk
acc-sutterbay,-7,At-risk
acc-sutterbay,-6,At-risk
acc-sutterbay,-5,At-risk
acc-sutterbay,-4,At-risk
acc-sutterbay,-3,At-risk
acc-sutterbay,-2,At-risk
acc-sutterbay,-1,At-risk
acc-sutterbay,0,At-risk
acc-pamf,-11,At-risk
acc-pamf,-10,Healthy
acc-pamf,-9,Healthy
acc-pamf,-8,At-risk
acc-pamf,-7,Healthy
acc-pamf,-6,Healthy
acc-pamf,-5,Healthy
acc-pamf,-4,Healthy
acc-pamf,-3,Healthy
acc-pamf,-2,Healthy
acc-pamf,-1,Healthy
acc-pamf,0,Healthy
acc-gap,-11,Healthy
acc-gap,-10,Healthy
acc-gap,-9,At-risk
acc-gap,-8,At-risk
acc-gap,-7,At-risk
acc-gap,-6,At-risk
acc-gap,-5,At-risk
acc-gap,-4,At-risk
acc-gap,-3,At-risk
acc-gap,-2,At-risk
acc-gap,-1,At-risk
acc-gap,0,At-risk
acc-levi,-11,At-risk
acc-levi,-10,At-risk
acc-levi,-9,At-risk
acc-levi,-8,Healthy
acc-levi,-7,At-risk
acc-levi,-6,At-risk
acc-levi,-5,At-risk
acc-levi,-4,Healthy
acc-levi,-3,At-risk
acc-levi,-2,At-risk
acc-levi,-1,At-risk
acc-levi,0,At-risk
acc-safeway,-11,At-risk
acc-safeway,-10,Healthy
acc-safeway,-9,Healthy
acc-safeway,-8,At-risk
acc-safeway,-7,Healthy
acc-safeway,-6,Healthy
acc-safeway,-5,Healthy
acc-safeway,-4,Healthy
acc-safeway,-3,Healthy
acc-safeway,-2,Healthy
acc-safeway,-1,Healthy
acc-safeway,0,Healthy
acc-ross,-11,Healthy
acc-ross,-10,At-risk
acc-ross,-9,At-risk
acc-ross,-8,At-risk
acc-ross,-7,Critical
acc-ross,-6,At-risk
acc-ross,-5,Critical
acc-ross,-4,At-risk
acc-ross,-3,Critical
acc-ross,-2,Critical
acc-ross,-1,Critical
acc-ross,0,Critical
acc-citysf,-11,At-risk
acc-citysf,-10,At-risk
acc-citysf,-9,At-risk
acc-citysf,-8,Healthy
acc-citysf,-7,At-risk
acc-citysf,-6,At-risk
acc-citysf,-5,At-risk
acc-citysf,-4,Healthy
acc-citysf,-3,At-risk
acc-citysf,-2,At-risk
acc-citysf,-1,At-risk
acc-citysf,0,At-risk
acc-stanforduniv,-11,At-risk
acc-stanforduniv,-10,Healthy
acc-stanforduniv,-9,Healthy
acc-stanforduniv,-8,At-risk
acc-stanforduniv,-7,Healthy
acc-stanforduniv,-6,Healthy
acc-stanforduniv,-5,Healthy
acc-stanforduniv,-4,Healthy
acc-stanforduniv,-3,Healthy
acc-stanforduniv,-2,Healthy
acc-stanforduniv,-1,Healthy
acc-stanforduniv,0,Healthy
acc-ucb,-11,Healthy
acc-ucb,-10,Healthy
acc-ucb,-9,At-risk
acc-ucb,-8,At-risk
acc-ucb,-7,At-risk
acc-ucb,-6,At-risk
acc-ucb,-5,At-risk
acc-ucb,-4,At-risk
acc-ucb,-3,At-risk
acc-ucb,-2,At-risk
acc-ucb,-1,At-risk
acc-ucb,0,At-risk
acc-bart,-11,At-risk
acc-bart,-10,At-risk
acc-bart,-9,At-risk
acc-bart,-8,Healthy
acc-bart,-7,At-risk
acc-bart,-6,At-risk
acc-bart,-5,At-risk
acc-bart,-4,Healthy
acc-bart,-3,At-risk
acc-bart,-2,At-risk
acc-bart,-1,At-risk
acc-bart,0,At-risk
