accountId,productId,tcv,iacv,margin,rpo,technicalHealth,adoptionHealth,renewalDate
acc-salesforce,PA-series,10022686,2759807,5481536,5658155,Healthy,At-risk,2026-07-27
acc-salesforce,Xpanse,12348224,686266,4637133,11726558,Healthy,Healthy,2026-07-13
acc-salesforce,PA-series-attached,8002590,172967,3118927,4503295,At-risk,Healthy,2025-12-05
acc-salesforce,PA-series-support,6222654,1805036,2890780,3428459,At-risk,At-risk,2026-01-02
acc-salesforce,Unit-42-proactive,8817742,2290652,4288006,7566163,Healthy,Healthy,2027-07-27
acc-salesforce,FW-data-lake,4080480,860448,1447554,2058898,Healthy,At-risk,2027-09-19
acc-googlecloud,XSIAM,4452496,-265557,2211235,3927338,Healthy,At-risk,2027-04-10
acc-googlecloud,VM-series,8477576,2213233,4303371,4589196,Healthy,Healthy,2026-10-25
acc-googlecloud,Unit-42-proactive,5643000,1195777,2353598,2490902,Healthy,At-risk,2027-10-04
acc-googlecloud,Cortex-cloud-leaf,15092208,4391440,8177221,12715535,Healthy,Healthy,2026-12-22
acc-googlecloud,PA-series,8014449,-1151969,3479417,5210452,At-risk,At-risk,2027-10-02
acc-googlecloud,FW-data-lake,9092476,-291208,3593859,6830287,Healthy,Healthy,2027-10-05
acc-wellsfargobank,Cortex-XDR,2691777,742439,1012353,1806030,At-risk,At-risk,2027-05-17
acc-wellsfargobank,PA-series,7854976,-698709,3247333,6038649,Healthy,Healthy,2027-07-07
acc-wellsfargobank,Xpanse,8435568,1552322,2856542,5299109,At-risk,Healthy,2027-08-05
acc-wellsfargobank,Cortex-XSOAR,4313922,145172,2320374,1803193,At-risk,At-risk,2027-02-10
acc-wellsfargobank,Prisma-access,5034165,252277,1807406,3017867,Healthy,Healthy,2027-05-24
acc-wellsfargobank,Cortex-cloud-leaf,3211464,821374,1481148,1391535,At-risk,At-risk,2026-03-18
acc-adobe,VM-series,3679589,-7904,1239611,3294306,At-risk,Healthy,2026-04-10
acc-adobe,XSIAM,2929227,862327,1274371,2458156,At-risk,At-risk,2026-03-27
acc-adobe,PA-series-support,5727045,-820759,2849182,3040272,At-risk,At-risk,2026-05-10
acc-adobe,Unit-42-reactive,2563670,-78408,850342,1619030,At-risk,At-risk,2027-03-15
acc-adobe,QRadar,7006377,362396,2736058,5090247,At-risk,At-risk,2027-08-04
acc-adobe,Xpanse,3447350,-449829,1709219,3022772,Healthy,Healthy,2027-02-25
acc-adobe,PA-series,3503439,488741,1078315,3325543,At-risk,Healthy,2027-10-16
acc-adobe,Cortex-XSOAR,7673141,-778188,3668531,4941190,Critical,At-risk,2026-02-03
acc-nvidia,Xpanse,7744429,1120005,4022662,5446148,Healthy,Healthy,2027-02-18
acc-nvidia,PA-series-attached,10091787,2519323,4071565,8629291,Healthy,Healthy,2026-02-18
acc-nvidia,VM-series,6811865,-63713,2575776,3679697,Healthy,At-risk,2027-03-13
acc-nvidia,Unit-42-reactive,9095964,-1089605,4620230,4104795,Healthy,At-risk,2026-11-29
acc-nvidia,FW-data-lake,8278930,1782421,3635217,5981988,At-risk,At-risk,2026-10-16
acc-nvidia,Unit-42-proactive,12213795,1850462,4918521,10754051,Healthy,At-risk,2026-01-04
acc-nvidia,Cortex-XSOAR,4854893,1387428,2185199,2880919,At-risk,At-risk,2026-06-18
acc-cisco,XSIAM,3832471,483305,1765522,1588327,At-risk,Healthy,2026-05-16
acc-cisco,Cortex-XDR,3173272,-85768,1556814,2877667,At-risk,Healthy,2026-05-17
acc-cisco,PA-series-support,3988491,962974,1761238,2474585,Healthy,Healthy,2026-02-14
acc-cisco,VM-series,4121145,765503,1457991,2600062,At-risk,Healthy,2026-11-26
acc-cisco,Prisma-access,4573624,-44653,1742988,4197553,Healthy,Healthy,2026-04-21
acc-cisco,Cortex-XSOAR,4027677,-318853,1830416,3104061,At-risk,At-risk,2027-09-21
acc-oracle,Cortex-XDR,1514848,-87875,812459,1245269,At-risk,At-risk,2026-10-14
acc-oracle,Xpanse,3449498,-331176,1463781,2196848,Healthy,At-risk,2027-05-12
acc-oracle,Unit-42-proactive,3159354,526512,1342932,2711815,At-risk,Healthy,2026-12-24
acc-oracle,Prisma-SD-WAN,2933604,697593,911105,1203680,Healthy,At-risk,2027-06-25
acc-oracle,FW-data-lake,2188445,94492,877797,1645881,At-risk,Healthy,2027-01-01
acc-oracle,PA-series-support,1888694,-265577,719955,1587876,At-risk,At-risk,2026-02-11
acc-oracle,Cortex-XSOAR,4493767,209051,1467061,2874312,At-risk,Healthy,2026-12-23
acc-oracle,VM-series,1323514,319940,643824,690695,Healthy,Healthy,2027-04-19
acc-visa,PA-series,11181286,1353825,5479431,8503702,Healthy,At-risk,2027-04-02
acc-visa,Unit-42-proactive,11143329,654992,4913471,8008793,At-risk,At-risk,2027-09-02
acc-visa,PA-series-support,5527193,751058,2521121,4838149,At-risk,Healthy,2026-04-16
acc-visa,Prisma-access,4655570,222970,1942444,3478929,Healthy,At-risk,2026-01-09
acc-visa,QRadar,5148781,43115,1640132,3367088,Healthy,Healthy,2026-11-25
acc-chevron,VM-series,2538709,162561,857360,1101877,Healthy,Healthy,2026-02-07
acc-chevron,XSIAM,3217972,247935,1104214,1725666,Healthy,Healthy,2027-05-03
acc-chevron,Unit-42-proactive,3515584,299656,1194196,2127169,Healthy,Healthy,2027-01-05
acc-chevron,Xpanse,2239599,444580,1051994,960342,At-risk,At-risk,2026-10-21
acc-chevron,QRadar,3269447,-393444,1058079,2527637,Healthy,Healthy,2027-09-16
acc-chevron,Cortex-XSOAR,2817623,800161,1269832,1360081,Healthy,At-risk,2027-09-23
acc-chevron,Prisma-SD-WAN,1872923,-161740,725673,1746000,At-risk,At-risk,2026-12-19
acc-kaiser,Xpanse,2843768,-306973,1329785,1932820,Healthy,Healthy,2026-09-25
acc-kaiser,QRadar,1981443,-136485,700535,1825340,Healthy,Healthy,2026-07-02
acc-kaiser,VM-series,4452352,1335658,1508173,2505274,Healthy,At-risk,2027-05-19
acc-kaiser,FW-data-lake,5502003,1242373,2866106,2315028,Healthy,At-risk,2026-03-27
acc-kaiser,Cortex-XSOAR,5717090,678966,1935596,2855487,At-risk,At-risk,2026-05-01
acc-kaiser,Prisma-SD-WAN,5353068,934283,1664392,3213792,At-risk,Healthy,2027-02-10
acc-stanfordhc,PA-series,1957901,-45428,774287,1351153,Healthy,Healthy,2027-07-25
acc-stanfordhc,QRadar,1375638,-120671,498669,1035371,At-risk,Healthy,2027-04-25
acc-stanfordhc,Unit-42-proactive,2003318,466822,743763,1642148,At-risk,At-risk,2027-04-22
acc-stanfordhc,Cortex-XDR,1202173,-100613,492131,1106633,Healthy,At-risk,2026-11-05
acc-stanfordhc,PA-series-support,2195372,589923,886324,1356848,At-risk,Healthy,2026-12-13
acc-stanfordhc,Cortex-XSOAR,2259340,672235,889565,938762,Healthy,At-risk,2026-04-11
acc-stanfordhc,XSIAM,1363061,-120058,506676,1167283,Healthy,At-risk,2027-02-15
acc-pge,Unit-42-proactive,4478366,-64855,1396969,2825419,Healthy,Healthy,2026-01-16
acc-pge,VM-series,5384208,-539034,2833637,3920815,At-risk,At-risk,2026-04-09
acc-pge,PA-series,4371588,-82743,1313186,2596936,Healthy,Healthy,2026-05-23
acc-pge,FW-data-lake,2256704,336174,725312,2112410,At-risk,At-risk,2026-12-17
acc-pge,PA-series-support,3154851,766626,980791,1933244,At-risk,Healthy,2025-11-29
acc-youtube,Cortex-cloud-leaf,2110673,-274490,921316,1788647,Healthy,At-risk,2027-03-03
acc-youtube,VM-series,2425092,706595,1017648,1213159,Healthy,Healthy,2027-02-24
acc-youtube,Prisma-access,2345382,-312773,821816,1958652,Healthy,Healthy,2026-09-26
acc-youtube,PA-series-support,1461532,119732,799868,1021124,Healthy,Healthy,2027-09-06
acc-waymo,PA-series,1877019,87521,750817,1204774,At-risk,At-risk,2026-05-23
acc-waymo,Prisma-access,1151093,84365,488501,1045619,At-risk,Healthy,2027-01-21
acc-waymo,Cortex-cloud-leaf,2149561,-246087,968620,1832044,At-risk,At-risk,2026-02-26
acc-wfsecurities,PA-series,1925847,15784,598146,1691895,Healthy,At-risk,2027-02-01
acc-wfsecurities,XSIAM,1562664,-41332,851662,1439756,Healthy,At-risk,2027-08-27
acc-wfsecurities,FW-data-lake,2105155,69037,901577,1710320,Healthy,Healthy,2026-04-08
acc-slack,XSIAM,1147504,178526,616445,693789,Healthy,At-risk,2026-04-02
acc-slack,Cortex-cloud-leaf,722098,63730,288484,546814,Healthy,Healthy,2025-12-09
acc-slack,Cortex-XDR,739154,133826,313963,452985,At-risk,Healthy,2026-08-08
acc-slack,PA-series,929458,184714,442430,481472,At-risk,Healthy,2027-10-24
acc-slack,PA-series-attached,968522,254155,409491,452736,Healthy,Healthy,2026-05-08
acc-tableau,Cortex-XDR,1427512,241683,678146,707689,At-risk,Healthy,2026-03-17
acc-tableau,VM-series,1209125,354648,602164,641084,At-risk,Healthy,2026-11-17
acc-tableau,Cortex-cloud-leaf,853730,84783,334856,718852,Healthy,Healthy,2026-01-19
acc-tableau,XSIAM,866863,-9378,476686,689484,At-risk,At-risk,2027-06-24
acc-tableau,Prisma-access,671872,-78482,364890,506111,At-risk,At-risk,2027-10-10
acc-mulesoft,PA-series,993815,82631,373705,486056,At-risk,Healthy,2026-11-02
acc-mulesoft,PA-series-attached,417310,115330,179328,232118,Healthy,Healthy,2026-06-02
acc-mulesoft,Cortex-cloud-leaf,754713,102471,330345,353842,Healthy,At-risk,2027-05-13
acc-mulesoft,Cortex-XSOAR,1084459,-117075,499118,786769,At-risk,Healthy,2026-05-07
acc-mulesoft,XSIAM,1051226,153930,504754,770366,At-risk,Healthy,2025-12-12
acc-sutterhealth,PA-series,2521183,346778,1070266,1878130,At-risk,At-risk,2027-03-22
acc-sutterhealth,XSIAM,2817818,-112163,1414086,1756489,At-risk,Healthy,2027-10-19
acc-sutterhealth,Cortex-cloud-leaf,1920524,-236299,787225,1279718,Healthy,At-risk,2027-07-27
acc-intel,PA-series,4643727,892985,1990974,2128689,Healthy,Healthy,2026-03-18
acc-intel,Unit-42-reactive,2385211,-70692,863398,1081088,Healthy,Healthy,2027-08-05
acc-intel,QRadar,2572689,98175,1390979,2305826,Healthy,At-risk,2026-09-29
acc-netflix,PA-series,3214717,-351940,1280455,2094313,Healthy,Healthy,2027-07-03
acc-netflix,PA-series-attached,4871036,42878,1522856,3274270,At-risk,At-risk,2027-03-09
acc-netflix,Cortex-XDR,3337477,-71466,1008066,1532313,Healthy,Healthy,2026-11-22
acc-stripe,Prisma-access,1769205,343193,654482,1670129,At-risk,At-risk,2026-03-14
acc-stripe,PA-series,2970708,-273606,963015,1798048,Healthy,At-risk,2026-11-22
acc-stripe,Prisma-SD-WAN,1363339,258672,476847,927094,At-risk,Healthy,2025-12-29
acc-stripe,Unit-42-reactive,2806626,-371846,1342684,2363687,At-risk,Healthy,2026-04-14
acc-pinterest,PA-series,754464,59882,318732,535373,At-risk,Healthy,2026-11-25
acc-pinterest,Cortex-XSOAR,986683,-929,323041,620719,At-risk,Healthy,2027-07-17
acc-pinterest,PA-series-attached,1221556,77648,661799,1014620,Healthy,Healthy,2027-07-03
acc-pinterest,Prisma-access,963023,63754,415118,767192,At-risk,Healthy,2027-10-11
acc-pinterest,Xpanse,873261,-35813,386979,685760,Healthy,Healthy,2027-02-07
acc-servicenow,PA-series,1871540,331881,891683,1282521,At-risk,Healthy,2027-09-22
acc-servicenow,PA-series-attached,2117280,138188,834644,1960976,Healthy,At-risk,2026-10-29
acc-servicenow,Unit-42-proactive,1803831,172848,845937,1582338,At-risk,At-risk,2027-10-23
acc-servicenow,QRadar,2648159,-82190,1114994,2453613,Healthy,At-risk,2026-09-14
acc-workday,PA-series,3553160,363201,1896042,2831567,Healthy,Healthy,2027-06-23
acc-workday,Cortex-cloud-leaf,2854600,440978,1127348,2680721,Healthy,Healthy,2026-09-06
acc-workday,Unit-42-proactive,2822665,-369966,1520932,1251756,Healthy,At-risk,2026-08-02
acc-twilio,PA-series,1848422,279897,799923,1387923,Healthy,Healthy,2027-01-10
acc-twilio,PA-series-support,844949,-1155,353274,654544,Healthy,Healthy,2027-05-30
acc-twilio,Unit-42-reactive,1703899,494232,578448,1293414,At-risk,At-risk,2027-09-10
acc-twilio,Cortex-XSOAR,1652107,-99530,893754,952674,Healthy,Healthy,2027-09-11
acc-twilio,FW-data-lake,1033803,112022,448451,824679,Healthy,Healthy,2027-01-14
acc-doordash,Unit-42-proactive,1164949,-22995,360396,657166,At-risk,Healthy,2026-10-22
acc-doordash,PA-series,2426402,-53252,1327908,1695606,Healthy,Healthy,2027-04-13
acc-doordash,Prisma-SD-WAN,2702790,163814,941119,1248569,Healthy,At-risk,2027-02-25
acc-lyft,FW-data-lake,930621,206733,399069,416644,Healthy,Healthy,2026-04-05
acc-lyft,QRadar,1126328,73047,601409,454762,At-risk,Healthy,2027-02-13
acc-lyft,PA-series-attached,525489,99417,282980,297463,Healthy,At-risk,2027-09-13
acc-lyft,PA-series,1228429,14493,441098,942551,At-risk,At-risk,2026-04-25
acc-lyft,Prisma-access,1270665,41217,540833,1133833,At-risk,Healthy,2027-08-29
acc-airbnb,PA-series,1985796,329390,1048895,1621487,At-risk,Healthy,2026-07-24
acc-airbnb,Xpanse,1929017,301223,866039,1606975,At-risk,Healthy,2027-05-07
acc-airbnb,PA-series-support,3235384,539321,1033788,2298069,Healthy,At-risk,2027-04-14
acc-airbnb,Cortex-cloud-leaf,1729943,-102117,751080,848529,At-risk,Healthy,2026-03-12
acc-databricks,PA-series-support,1912591,194049,895459,1089207,Healthy,Healthy,2026-07-31
acc-databricks,QRadar,955217,207667,464666,685913,Healthy,Healthy,2026-10-31
acc-databricks,Xpanse,1142613,188729,497369,494912,Healthy,Healthy,2025-12-15
acc-databricks,Cortex-XDR,1838775,-38263,634368,872472,At-risk,At-risk,2027-09-05
acc-databricks,VM-series,2203424,625116,867301,1961561,Healthy,Healthy,2026-12-02
acc-snowflake,PA-series,2420189,65045,803107,2270859,Healthy,Healthy,2026-09-14
acc-snowflake,Unit-42-proactive,916409,53474,439668,580334,Healthy,Healthy,2026-07-24
acc-snowflake,Cortex-XSOAR,2688968,154027,910969,1354337,At-risk,Healthy,2025-12-15
acc-reddit,Prisma-SD-WAN,517577,94842,207323,273739,Healthy,Healthy,2026-04-05
acc-reddit,Xpanse,437335,33566,162826,371158,At-risk,At-risk,2026-07-13
acc-reddit,Cortex-cloud-leaf,1109839,-15766,372700,846936,Healthy,At-risk,2026-09-16
acc-reddit,PA-series,1235590,-32348,542645,896317,Healthy,At-risk,2027-06-05
acc-reddit,PA-series-support,455333,33252,247278,417937,At-risk,At-risk,2027-10-27
acc-roblox,PA-series,1139055,-96867,473569,491722,Healthy,Healthy,2027-06-06
acc-roblox,PA-series-attached,750820,66444,298154,405628,Healthy,At-risk,2026-02-01
acc-roblox,FW-data-lake,730395,193555,373803,329302,At-risk,Healthy,2026-01-04
acc-roblox,Unit-42-proactive,1556906,-45449,729282,1139043,Healthy,Healthy,2027-07-07
acc-ebay,PA-series,1232545,-119812,677767,817678,Healthy,At-risk,2027-07-24
acc-ebay,Cortex-XSOAR,2386949,397894,952769,1268978,Healthy,Healthy,2026-12-07
acc-ebay,PA-series-support,644978,38577,298096,367400,Healthy,At-risk,2027-04-06
acc-ebay,Cortex-XDR,2350211,140311,1176760,1873887,Healthy,Healthy,2026-11-27
acc-ebay,Cortex-cloud-leaf,2396305,-22010,746278,2097357,At-risk,Healthy,2025-11-29
acc-schwab,PA-series,1696407,126697,786542,1317541,Healthy,Healthy,2027-09-01
acc-schwab,Xpanse,2316145,423431,961680,1859921,Healthy,Healthy,2026-04-05
acc-schwab,Unit-42-reactive,2490675,433728,1051261,2252304,At-risk,At-risk,2026-01-12
acc-schwab,QRadar,4074552,349494,2077072,1796395,At-risk,Healthy,2025-11-19
acc-genentech,PA-series,1523438,208677,812717,1374161,At-risk,Healthy,2025-11-19
acc-genentech,Unit-42-reactive,1736339,155394,699457,710508,At-risk,At-risk,2025-11-30
acc-genentech,XSIAM,2482673,188676,1177940,1581004,Healthy,Healthy,2026-02-19
acc-genentech,PA-series-support,1238543,106481,446175,917611,At-risk,At-risk,2026-08-13
acc-ucsfhealth,VM-series,1921919,277104,988932,1571691,Healthy,At-risk,2026-12-06
acc-ucsfhealth,Prisma-access,811987,16017,340223,609161,Healthy,Healthy,2027-04-08
acc-ucsfhealth,Prisma-SD-WAN,1477305,340368,681372,860085,Healthy,Healthy,2026-07-06
acc-ucsfhealth,Cortex-XDR,1715192,-94099,886804,1523356,At-risk,At-risk,2025-12-30
acc-gilead,PA-series,1191186,336701,532173,969315,At-risk,Healthy,2026-01-30
acc-gilead,FW-data-lake,4105003,-62910,1810263,2921459,Healthy,At-risk,2027-05-20
acc-gilead,Cortex-XSOAR,2107040,-1520,1030136,1005000,At-risk,At-risk,2026-02-01
acc-ea,QRadar,501939,-1571,230154,417086,At-risk,At-risk,2026-07-04
acc-ea,Prisma-access,1150774,11640,615992,733637,At-risk,Healthy,2027-08-08
acc-ea,PA-series,1161437,-19836,419990,511530,At-risk,Healthy,2026-12-07
acc-ea,VM-series,1139051,193928,522226,918998,At-risk,At-risk,2026-03-02
acc-ea,Prisma-SD-WAN,1596799,-173756,855469,1029304,At-risk,Healthy,2026-03-28
acc-williamssonoma,PA-series,2471375,245651,1110218,2054803,At-risk,Healthy,2026-09-07
acc-williamssonoma,Prisma-SD-WAN,1275833,46203,631272,1018962,Healthy,Healthy,2027-10-15
acc-williamssonoma,Cortex-XDR,1235877,26360,413660,699039,At-risk,Healthy,2026-01-16
acc-sutterbay,PA-series,1377654,278561,537672,1266507,At-risk,At-risk,2027-04-04
acc-pamf,PA-series,227260,29336,113861,132094,Healthy,Healthy,2027-09-10
acc-pamf,PA-series-support,456720,131718,152558,263237,At-risk,Healthy,2027-03-18
acc-pamf,Cortex-XDR,237077,-2043,128292,221145,Healthy,At-risk,2027-10-25
acc-gap,PA-series,428587,-42323,188990,311036,Healthy,Healthy,2027-02-28
acc-gap,Xpanse,694685,190578,244815,582651,Healthy,At-risk,2027-10-03
acc-gap,Cortex-cloud-leaf,438786,32771,201110,233921,Healthy,At-risk,2026-12-04
acc-levi,PA-series,1666345,50594,710951,1510068,At-risk,Healthy,2027-05-23
acc-safeway,PA-series,2392216,515603,1072801,2159981,Healthy,Healthy,2027-09-17
acc-ross,PA-series,344265,98137,131818,288468,At-risk,At-risk,2026-02-21
acc-ross,PA-series-attached,375679,-12610,160666,257467,Healthy,At-risk,2027-02-12
acc-ross,XSIAM,376337,6907,156468,291192,Healthy,At-risk,2026-11-01
acc-citysf,PA-series,2077095,587355,683400,1905468,Healthy,At-risk,2026-09-28
acc-stanforduniv,PA-series,723122,34113,342897,416084,Healthy,Healthy,2026-03-10
acc-stanforduniv,Cortex-cloud-leaf,717131,-100281,276647,329987,Healthy,At-risk,2026-07-20
acc-ucb,PA-series,334292,44591,115864,254569,Healthy,Healthy,2027-08-03
acc-ucb,Cortex-XSOAR,349995,86586,144335,222685,Healthy,At-risk,2026-06-20
acc-ucb,Unit-42-proactive,497714,-28567,242924,420469,Healthy,At-risk,2026-02-25
acc-bart,PA-series,238966,68024,90413,146665,At-risk,Healthy,2026-11-04
acc-bart,Prisma-access,536411,4502,222323,265464,At-risk,Healthy,2027-10-02
acc-bart,Unit-42-reactive,439595,-39442,144831,249671,Healthy,At-risk,2027-10-24
