opportunityId,productId,amountUsd
opp-stripe-treasury-xsoar-renewal,cortex-xsoar,640000
opp-stripe-treasury-sase-netnew,prisma-access,420000
opp-stripe-treasury-xdr-upsell,cortex-xdr,310000
opp-stripe-treasury-xsiam-disc,xsiam,180000
opp-stripe-treasury-fwrefresh,pa-series,360000
opp-stripe-treasury-fwrefresh,pa-series-support,160000
opp-stripe-treasury-u42-attach,unit-42-proactive,90000
opp-stripe-treasury-closed-xdr-hist,cortex-xdr,840000
opp-stripe-treasury-fwattach-closed,pa-series-attached,180000
opp-stripe-radar-u42-renewal,unit-42-proactive,210000
opp-stripe-radar-u42-reactive,unit-42-reactive,140000
opp-stripe-radar-xdr-upsell,cortex-xdr,80000
opp-doordash-platform-xdr-land,cortex-xdr,180000
opp-doordash-platform-xsoar-upsell,cortex-xsoar,210000
opp-doordash-platform-fwrefresh,pa-series,140000
opp-doordash-platform-xpanse-attach,xpanse,90000
opp-reddit-platform-fwrenewal,pa-series,220000
opp-reddit-platform-fwrenewal,pa-series-support,90000
opp-reddit-platform-stale-xdr,cortex-xdr,120000
opp-reddit-platform-fwattach,pa-series-attached,80000
opp-lyft-rideshare-renewal-full,pa-series,180000
opp-lyft-rideshare-renewal-full,pa-series-support,100000
opp-lyft-rideshare-renewal-full,prisma-sd-wan,140000
opp-lyft-rideshare-prisma-expand,prisma-access,310000
opp-lyft-rideshare-sdwan-branches,prisma-sd-wan,240000
opp-lyft-rideshare-xdr-net,cortex-xdr,180000
opp-lyft-rideshare-u42-prop,unit-42-proactive,90000
opp-lyft-rideshare-fwattach,pa-series-attached,140000
opp-lyft-rideshare-renewal-closed,pa-series,260000
opp-lyft-rideshare-renewal-closed,pa-series-support,120000
opp-twilio-renewal-upsell,vm-series,310000
opp-twilio-renewal-upsell,pa-series-support,140000
opp-twilio-messaging-sase-land,prisma-access,290000
opp-twilio-messaging-xdr-pitch,cortex-xdr,210000
opp-twilio-messaging-fwattach,pa-series-attached,180000
opp-twilio-messaging-xpanse-disc,xpanse,90000
opp-databricks-xdr-displace,cortex-xdr,420000
opp-databricks-xdr-displace,xsiam,310000
opp-databricks-xdr-displace,fw-data-lake,160000
opp-databricks-lakehouse-xsiam-up,xsiam,420000
opp-databricks-lakehouse-prisma-pitch,prisma-access,210000
opp-databricks-lakehouse-fwattach,pa-series-attached,180000
opp-databricks-lakehouse-datalake,fw-data-lake,290000
opp-databricks-lakehouse-xsoar-disc,cortex-xsoar,140000
opp-notion-renewal-primary,cortex-xdr,310000
opp-notion-renewal-dupe,cortex-xdr,310000
opp-notion-workspace-xsoar-disc,cortex-xsoar,180000
opp-notion-workspace-fwrefresh,pa-series,180000
opp-notion-workspace-xpanse-attach,xpanse,120000
opp-linear-issues-xsoar-churn,cortex-xsoar,180000
opp-linear-issues-xdr-renewal,cortex-xdr,90000
opp-linear-issues-prisma-pitch,prisma-access,80000
opp-figma-design-renewal-pipe,cortex-xdr,290000
opp-figma-design-xpanse-up,xpanse,140000
opp-figma-design-fwattach,pa-series-attached,180000
opp-figma-design-u42-prop,unit-42-proactive,80000
opp-asana-sase-negotiate,prisma-access,380000
opp-asana-sase-negotiate,prisma-sd-wan,260000
opp-asana-work-fwattach,pa-series-attached,180000
opp-asana-work-xdr-pitch,cortex-xdr,210000
opp-asana-work-renewal,prisma-access,290000
opp-asana-work-mobile,prisma-access,140000
opp-pinterest-cc-upsell-soln,cortex-cloud-leaf,290000
opp-pinterest-cc-upsell-soln,xpanse,130000
opp-pinterest-discovery-xdr-up,cortex-xdr,210000
opp-pinterest-discovery-fwattach,pa-series-attached,140000
opp-pinterest-discovery-renewal,pa-series,210000
opp-pinterest-discovery-renewal,pa-series-support,100000
opp-pinterest-discovery-xsiam-disc,xsiam,140000
opp-eventbrite-tv-stuck,prisma-access,290000
opp-eventbrite-events-fwrenewal,pa-series,140000
opp-eventbrite-events-xdr-disc,cortex-xdr,90000
opp-allbirds-prisma-disc,prisma-access,90000
opp-allbirds-fwrefresh,pa-series,140000
opp-allbirds-mobile,prisma-access,80000
opp-23andme-xsiam-pov,xsiam,310000
opp-23andme-xsiam-pov,qradar,110000
opp-23andme-genetics-xdr-land,cortex-xdr,290000
opp-23andme-genetics-fwrefresh,pa-series,180000
opp-23andme-genetics-u42-attach,unit-42-proactive,140000
opp-23andme-genetics-xpanse,xpanse,90000
opp-houzz-pov-stalled-1,cortex-xdr,290000
opp-houzz-pov-stalled-2,cortex-xsoar,180000
opp-houzz-pov-stalled-3,xpanse,90000
opp-houzz-home-fwrenewal,pa-series,140000
opp-houzz-home-fwrenewal,pa-series-support,70000
opp-houzz-home-mobile,prisma-access,140000
opp-houzz-home-cdss-attach,pa-series-attached,90000
opp-houzz-home-datalake,fw-data-lake,80000
opp-instacart-cc-closed,cortex-cloud-leaf,680000
opp-instacart-cc-closed,xpanse,320000
opp-instacart-cc-closed,fw-data-lake,200000
opp-instacart-grocery-xsiam-up,xsiam,420000
opp-instacart-grocery-fwrefresh,pa-series,310000
opp-instacart-grocery-xdr-renewal,cortex-xdr,180000
opp-instacart-grocery-prisma-disc,prisma-access,140000
opp-cloudflare-edge-prisma-up,prisma-access,420000
opp-cloudflare-edge-sdwan-pitch,prisma-sd-wan,310000
opp-cloudflare-edge-ztna-pitch,prisma-access,290000
opp-cloudflare-edge-fwrefresh,pa-series,180000
opp-cloudflare-edge-xpanse-pitch,xpanse,120000
opp-discord-fwrenewal-deferred,pa-series,200000
opp-discord-fwrenewal-deferred,pa-series-support,90000
opp-discord-platform-fwrefresh-pitched,pa-series,180000
opp-discord-platform-cdss-deferred,pa-series-attached,140000
opp-discord-platform-datalake-disc,fw-data-lake,90000
opp-postmates-xsoar-declined,cortex-xsoar,180000
opp-postmates-delivery-xdr-renewal,cortex-xdr,140000
opp-postmates-delivery-xpanse-disc,xpanse,80000
opp-coinbase-cc-pursuit,cortex-cloud-leaf,520000
opp-coinbase-cc-pursuit,cortex-xdr,320000
opp-coinbase-exchange-xsoar-up,cortex-xsoar,420000
opp-coinbase-exchange-xpanse-attach,xpanse,310000
opp-coinbase-exchange-xsiam-up,xsiam,520000
opp-coinbase-exchange-prisma-renewal,prisma-access,290000
opp-coinbase-exchange-fwrefresh,pa-series,310000
opp-coinbase-exchange-mobile,prisma-access,180000
opp-coinbase-exchange-u42-prop,unit-42-proactive,140000
opp-coinbase-exchange-datalake,fw-data-lake,210000
opp-plaid-prisma-closed-won,prisma-access,380000
opp-plaid-xsoar-closed-lost,cortex-xsoar,210000
opp-plaid-fintech-fwrenewal,pa-series,200000
opp-plaid-fintech-fwrenewal,pa-series-support,90000
opp-plaid-fintech-xdr-up,cortex-xdr,180000
opp-plaid-fintech-cdss-attach,pa-series-attached,140000
opp-plaid-fintech-xpanse-disc,xpanse,90000
opp-robinhood-cc-stale,cortex-cloud-leaf,420000
opp-robinhood-cc-stale,xsiam,220000
opp-robinhood-markets-fwrefresh,pa-series,420000
opp-robinhood-markets-fwrenewal,pa-series,200000
opp-robinhood-markets-fwrenewal,pa-series-support,90000
opp-robinhood-markets-xdr-up,cortex-xdr,180000
opp-robinhood-markets-prisma-disc,prisma-access,140000
opp-robinhood-markets-datalake,fw-data-lake,90000
opp-brex-fwrenewal-stale,pa-series,140000
opp-brex-fwrenewal-stale,pa-series-support,70000
opp-brex-spend-xdr-pitch,cortex-xdr,180000
opp-brex-spend-cdss-attach,pa-series-attached,90000
opp-brex-spend-xpanse-disc,xpanse,80000
opp-ramp-finance-fwattach,pa-series-attached,180000
opp-ramp-finance-prisma-up,prisma-access,210000
opp-ramp-finance-xdr-disc,cortex-xdr,140000
opp-ramp-finance-fwrenewal,pa-series,140000
opp-gusto-fwrefresh-healthy,pa-series,180000
opp-gusto-payroll-prisma-renewal,prisma-access,210000
opp-gusto-payroll-cdss-attach,pa-series-attached,90000
opp-gusto-payroll-xdr-disc,cortex-xdr,140000
opp-carta-fwrefresh-stale,pa-series,40000
opp-affirm-renewal-only,pa-series,120000
opp-affirm-renewal-only,pa-series-support,60000
opp-affirm-pay-prisma-pitch,prisma-access,210000
opp-affirm-pay-fwattach,pa-series-attached,90000
opp-chime-csm-gap,cortex-xdr,290000
opp-chime-u42-burndown,unit-42-reactive,85000
opp-chime-banking-fwrenewal,pa-series,120000
opp-chime-banking-fwrenewal,pa-series-support,60000
opp-chime-banking-xsiam-disc,xsiam,140000
opp-roku-fwrenewal-lowadopt,pa-series,120000
opp-roku-fwrenewal-lowadopt,pa-series-support,60000
opp-roku-streaming-xdr-disc,cortex-xdr,140000
opp-roku-streaming-cdss-attach,pa-series-attached,90000
opp-nextdoor-fwrenewal-tech-crit,pa-series,120000
opp-nextdoor-fwrenewal-tech-crit,pa-series-support,60000
opp-nextdoor-community-sdwan-pitch,prisma-sd-wan,210000
opp-nextdoor-community-xdr-disc,cortex-xdr,90000
opp-box-renewal-qpa,pa-series,210000
opp-box-renewal-qpa,pa-series-support,100000
opp-box-content-prisma-up,prisma-access,180000
opp-box-content-xdr-disc,cortex-xdr,140000
opp-box-content-fwattach,pa-series-attached,90000
opp-billcom-budget,prisma-access,210000
opp-billcom-payables-fwrefresh,pa-series,140000
opp-billcom-payables-xpanse-disc,xpanse,80000
opp-confluent-term,prisma-access,310000
opp-confluent-streaming-fwrefresh,pa-series,180000
opp-confluent-streaming-xdr-pitch,cortex-xdr,210000
opp-confluent-streaming-xpanse,xpanse,90000
opp-gitlab-pov-stuck,cortex-xdr,290000
opp-gitlab-devops-xsoar-pitch,cortex-xsoar,210000
opp-gitlab-devops-fwattach,pa-series-attached,140000
opp-gitlab-devops-xpanse-disc,xpanse,80000
opp-snowflake-stack-risks,xsiam,420000
opp-snowflake-stack-risks,cortex-xdr,310000
opp-snowflake-stack-risks,fw-data-lake,220000
opp-snowflake-stack-risks,unit-42-reactive,150000
opp-snowflake-sector-fwrenewal,pa-series,210000
opp-snowflake-sector-fwrenewal,pa-series-support,100000
opp-snowflake-sector-xsiam-up,xsiam,420000
opp-snowflake-sector-u42-retain,unit-42-reactive,180000
opp-snowflake-sector-cdss-attach,pa-series-attached,140000
opp-snowflake-sector-datalake,fw-data-lake,210000
opp-atlassian-mp-healthy,prisma-access,210000
opp-atlassian-marketplace-fwrenewal,pa-series,120000
opp-atlassian-marketplace-fwrenewal,pa-series-support,60000
opp-atlassian-marketplace-cdss-attach,pa-series-attached,90000
opp-atlassian-marketplace-xdr-disc,cortex-xdr,140000
opp-atlassian-marketplace-mobile,prisma-access,120000
opp-webflow-healthy,prisma-access,180000
opp-webflow-fwrefresh,pa-series,90000
opp-webflow-mobile,prisma-access,80000
opp-segment-data-healthy,cortex-xdr,180000
opp-segment-data-fwrenewal,pa-series,140000
opp-segment-data-xpanse-disc,xpanse,80000
opp-mixpanel-prisma,prisma-access,140000
opp-mixpanel-fwrefresh,pa-series,90000
opp-mixpanel-mobile,prisma-access,80000
opp-aurora-fwattach,pa-series-attached,140000
opp-aurora-fwrenewal,pa-series,120000
opp-aurora-fwrenewal,pa-series-support,60000
opp-aurora-xdr-disc,cortex-xdr,90000
opp-beacon-ind-fwrefresh,pa-series,310000
opp-beacon-industries-fwrenewal,pa-series,140000
opp-beacon-industries-fwrenewal,pa-series-support,70000
opp-beacon-industries-prisma-up,prisma-access,180000
opp-beacon-industries-xdr-disc,cortex-xdr,80000
opp-tyrell-fwrenewal,pa-series,290000
opp-tyrell-fwrenewal,pa-series-support,130000
opp-tyrell-prisma-up,prisma-access,310000
opp-tyrell-xdr-up,cortex-xdr,290000
opp-tyrell-cdss-attach,pa-series-attached,180000
opp-tyrell-xsoar-pov,cortex-xsoar,210000
opp-tyrell-xpanse-up,xpanse,140000
opp-tyrell-datalake,fw-data-lake,180000
opp-tyrell-mobile,prisma-access,120000
opp-cyberdyne-fwrenewal,pa-series,580000
opp-cyberdyne-fwrenewal,pa-series-support,260000
opp-cyberdyne-prisma-renewal,prisma-access,420000
opp-cyberdyne-prisma-renewal,prisma-sd-wan,220000
opp-cyberdyne-xdr-up,cortex-xdr,420000
opp-cyberdyne-xsoar-pov,cortex-xsoar,380000
opp-cyberdyne-xsiam-pitch,xsiam,520000
opp-cyberdyne-xpanse-pov,xpanse,290000
opp-cyberdyne-u42-reactive,unit-42-reactive,180000
opp-cyberdyne-u42-proactive,unit-42-proactive,210000
opp-cyberdyne-datalake,fw-data-lake,310000
opp-cyberdyne-cdss-attach,pa-series-attached,210000
opp-cyberdyne-mobile,prisma-access,180000
opp-cyberdyne-qradar-mig,qradar,280000
opp-cyberdyne-qradar-mig,xsiam,140000
opp-cyberdyne-closed-prior,xsiam,1180000
opp-yelp-fwrenewal,pa-series,180000
opp-yelp-reviews-fwattach,pa-series-attached,90000
opp-yelp-reviews-xpanse-disc,xpanse,80000
opp-yelp-reviews-mobile,prisma-access,90000
opp-strava-prisma,prisma-access,140000
opp-strava-activities-fwrefresh,pa-series,90000
opp-strava-activities-xpanse,xpanse,80000
opp-patreon-creators-xdr,cortex-xdr,140000
opp-patreon-creators-fwrefresh,pa-series,90000
opp-patreon-creators-mobile,prisma-access,80000
opp-calendly-prisma,prisma-access,90000
opp-calendly-scheduling-fwrefresh,pa-series,80000
opp-calendly-scheduling-xdr,cortex-xdr,80000
opp-loom-fwrenewal,pa-series,140000
opp-loom-video-prisma-up,prisma-access,90000
opp-loom-video-xdr-disc,cortex-xdr,80000
opp-loom-video-mobile,prisma-access,80000
opp-miro-prisma,prisma-access,180000
opp-miro-whiteboard-fwrenewal,pa-series,140000
opp-miro-whiteboard-xdr-pitch,cortex-xdr,140000
opp-miro-whiteboard-xpanse-disc,xpanse,80000
opp-klaviyo-fwrefresh,pa-series,140000
opp-klaviyo-marketing-fwattach,pa-series-attached,90000
opp-klaviyo-marketing-xpanse-disc,xpanse,80000
opp-lattice-prisma,prisma-access,90000
opp-lattice-people-fwrefresh,pa-series,80000
opp-lattice-people-xdr-disc,cortex-xdr,80000
opp-classpass-fwrenewal,pa-series,90000
opp-classpass-fitness-xdr-disc,cortex-xdr,80000
opp-front-prisma,prisma-access,140000
opp-front-inbox-fwrefresh,pa-series,90000
opp-front-inbox-xpanse-disc,xpanse,80000
