accountId,playId,status,estimatedValue,primaryOppId,linkedOppIds,lastTouchDate,assignedAEName
acc-salesforce,play-xdr-edr,Open-pipeline,1439887,opp-sf-001,,2026-03-08,Morgan Cole
acc-salesforce,play-xsiam-splunk,Closed-won,672329,opp-sf-closed-001,,2026-03-13,Jordan Iqbal
acc-salesforce,play-unit42-ir-retainer,Not-touched,722123,,,,Casey Yamada
acc-salesforce,play-cortex-cloud-cnapp,Interested,538543,,,2026-02-27,Jordan Iqbal
acc-salesforce,play-cdss-bundle-attach,Open-pipeline,778230,opp-sf-001,opp-sf-002,2026-03-14,Riley Park
acc-salesforce,play-xsoar-soc-modern,Not-touched,953245,,,,Devon Reyes
acc-salesforce,play-unit42-proactive,Pitched,627835,,,2026-04-18,Riley Park
acc-salesforce,play-vmseries-cloud,Open-pipeline,1185253,opp-sf-001,opp-sf-002,2026-03-05,Casey Yamada
acc-salesforce,play-prisma-access-gp,Open-pipeline,620035,opp-sf-001,,2026-03-24,Jordan Iqbal
acc-salesforce,play-sdwan-takeout,Open-pipeline,366603,opp-sf-001,,2026-03-01,Devon Reyes
acc-googlecloud,play-vmseries-cloud,Open-pipeline,585379,opp-gc-001,,2026-02-23,Quinn Foster
acc-googlecloud,play-xsoar-soc-modern,Pitched,1116044,,,2026-04-18,Jordan Iqbal
acc-googlecloud,play-xpanse-attack-surf,Not-touched,551414,,,,Devon Reyes
acc-googlecloud,play-prisma-access-gp,Open-pipeline,958483,opp-gc-001,,2026-02-22,Jordan Iqbal
acc-googlecloud,play-sdwan-takeout,Not-touched,1416480,,,,Morgan Cole
acc-googlecloud,play-ngfw-refresh,Pitched,619424,,,2026-02-12,Casey Yamada
acc-googlecloud,play-xsiam-qradar,Not-touched,1160105,,,,Riley Park
acc-googlecloud,play-cdss-bundle-attach,Deferred,1431584,,,2026-02-15,Devon Reyes
acc-googlecloud,play-xsiam-splunk,Open-pipeline,468613,opp-gc-001,opp-gc-002,2026-03-29,Devon Reyes
acc-googlecloud,play-xdr-edr,Open-pipeline,1077382,opp-gc-001,opp-gc-002,2026-02-25,Quinn Foster
acc-googlecloud,play-unit42-ir-retainer,Pitched,783932,,,2026-02-17,Casey Yamada
acc-googlecloud,play-cortex-cloud-cnapp,Pitched,1159778,,,2026-03-23,Riley Park
acc-wellsfargobank,play-sase-platform,Open-pipeline,874080,opp-wf-001,opp-wf-002,2026-04-03,Morgan Cole
acc-wellsfargobank,play-cortex-cloud-cnapp,Interested,466265,,,2026-03-27,Quinn Foster
acc-wellsfargobank,play-ngfw-refresh,Open-pipeline,371456,opp-wf-001,,2026-03-12,Casey Yamada
acc-wellsfargobank,play-vmseries-cloud,Not-touched,1280569,,,,Riley Park
acc-wellsfargobank,play-xsiam-qradar,Interested,1430858,,,2026-04-23,Quinn Foster
acc-wellsfargobank,play-unit42-proactive,Pitched,1299354,,,2026-04-28,Quinn Foster
acc-wellsfargobank,play-xpanse-attack-surf,Pitched,412310,,,2026-02-15,Devon Reyes
acc-wellsfargobank,play-xsiam-splunk,Not-touched,1020676,,,,Quinn Foster
acc-wellsfargobank,play-sdwan-takeout,Open-pipeline,582241,opp-wf-001,,2026-04-27,Casey Yamada
acc-wellsfargobank,play-prisma-access-gp,Not-touched,407291,,,,Jordan Iqbal
acc-wellsfargobank,play-unit42-ir-retainer,Not-touched,1081580,,,,Casey Yamada
acc-wellsfargobank,play-xdr-edr,Not-touched,704803,,,,Casey Yamada
acc-adobe,play-xsoar-soc-modern,Deferred,473584,,,2026-04-22,Quinn Foster
acc-adobe,play-cdss-bundle-attach,Deferred,479995,,,2026-03-03,Jordan Iqbal
acc-adobe,play-xsiam-qradar,Not-touched,1048022,,,,Riley Park
acc-adobe,play-vmseries-cloud,Pitched,558622,,,2026-03-18,Jordan Iqbal
acc-adobe,play-prisma-access-gp,Open-pipeline,1283158,opp-adobe-001,opp-adobe-002,2026-04-27,Devon Reyes
acc-adobe,play-xsiam-splunk,Open-pipeline,980322,opp-adobe-001,opp-adobe-002,2026-03-16,Morgan Cole
acc-adobe,play-xpanse-attack-surf,Open-pipeline,597520,opp-adobe-001,,2026-04-08,Jordan Iqbal
acc-adobe,play-sase-platform,Open-pipeline,1127721,opp-adobe-001,opp-adobe-002,2026-05-06,Quinn Foster
acc-adobe,play-ngfw-refresh,Deferred,550099,,,2026-02-21,Jordan Iqbal
acc-adobe,play-xdr-edr,Not-touched,758761,,,,Quinn Foster
acc-adobe,play-unit42-ir-retainer,Not-touched,1325662,,,,Devon Reyes
acc-adobe,play-unit42-proactive,Interested,446272,,,2026-02-22,Casey Yamada
acc-nvidia,play-sase-platform,Closed-won,847536,opp-nv-closed-001,,2026-04-30,Casey Yamada
acc-nvidia,play-unit42-proactive,Open-pipeline,335448,opp-nv-001,opp-nv-002,2026-05-02,Riley Park
acc-nvidia,play-cdss-bundle-attach,Interested,1023999,,,2026-03-17,Riley Park
acc-nvidia,play-xsiam-splunk,Open-pipeline,412319,opp-nv-001,,2026-02-20,Devon Reyes
acc-nvidia,play-cortex-cloud-cnapp,Pitched,667095,,,2026-04-13,Devon Reyes
acc-nvidia,play-xpanse-attack-surf,Interested,757619,,,2026-02-15,Quinn Foster
acc-nvidia,play-unit42-ir-retainer,Open-pipeline,667389,opp-nv-001,opp-nv-002,2026-04-09,Casey Yamada
acc-nvidia,play-sdwan-takeout,Pitched,1355583,opp-nv-001,,2026-02-20,Jordan Iqbal
acc-nvidia,play-xsiam-qradar,Not-touched,1066009,,,,Quinn Foster
acc-cisco,play-vmseries-cloud,Open-pipeline,1127257,opp-cisco-001,opp-cisco-002,2026-04-23,Quinn Foster
acc-cisco,play-ngfw-refresh,Open-pipeline,621016,opp-cisco-001,,2026-05-06,Morgan Cole
acc-cisco,play-xsoar-soc-modern,Open-pipeline,624618,opp-cisco-001,opp-cisco-002,2026-02-25,Quinn Foster
acc-cisco,play-cdss-bundle-attach,Not-touched,829821,,,,Morgan Cole
acc-cisco,play-unit42-ir-retainer,Not-touched,1282482,,,,Devon Reyes
acc-cisco,play-xpanse-attack-surf,Pitched,605730,opp-cisco-001,,2026-02-25,Quinn Foster
acc-cisco,play-xsiam-qradar,Open-pipeline,575812,opp-cisco-001,,2026-05-04,Casey Yamada
acc-cisco,play-xdr-edr,Pitched,848376,,,2026-04-20,Devon Reyes
acc-cisco,play-sdwan-takeout,Deferred,1280383,,,2026-02-28,Quinn Foster
acc-cisco,play-sase-platform,Open-pipeline,789693,opp-cisco-001,opp-cisco-002,2026-03-17,Quinn Foster
acc-oracle,play-sdwan-takeout,Deferred,397197,,,2026-03-11,Morgan Cole
acc-oracle,play-vmseries-cloud,Open-pipeline,667981,opp-oracle-001,opp-oracle-002,2026-03-12,Casey Yamada
acc-oracle,play-cortex-cloud-cnapp,Pitched,646586,,,2026-02-19,Devon Reyes
acc-oracle,play-sase-platform,Interested,982693,,,2026-04-14,Quinn Foster
acc-oracle,play-unit42-ir-retainer,Deferred,1171740,,,2026-04-08,Devon Reyes
acc-oracle,play-xdr-edr,Not-touched,779240,,,,Devon Reyes
acc-oracle,play-ngfw-refresh,Interested,1032254,,,2026-05-08,Morgan Cole
acc-oracle,play-xsoar-soc-modern,Not-touched,1056180,,,,Quinn Foster
acc-oracle,play-xsiam-splunk,Open-pipeline,436422,opp-oracle-001,,2026-04-09,Riley Park
acc-oracle,play-unit42-proactive,Interested,387082,,,2026-04-04,Casey Yamada
acc-oracle,play-xsiam-qradar,Not-touched,579249,,,,Jordan Iqbal
acc-visa,play-xsoar-soc-modern,Open-pipeline,466393,opp-visa-001,opp-visa-002,2026-03-30,Riley Park
acc-visa,play-sase-platform,Open-pipeline,1143595,opp-visa-001,opp-visa-002,2026-04-05,Devon Reyes
acc-visa,play-xsiam-qradar,Not-touched,547038,,,,Jordan Iqbal
acc-visa,play-vmseries-cloud,Not-touched,438336,,,,Riley Park
acc-visa,play-cortex-cloud-cnapp,Interested,775294,,,2026-04-13,Riley Park
acc-visa,play-xpanse-attack-surf,Pitched,616808,opp-visa-001,,2026-04-19,Quinn Foster
acc-visa,play-cdss-bundle-attach,Pitched,1109269,,,2026-04-12,Morgan Cole
acc-visa,play-unit42-ir-retainer,Not-touched,1116496,,,,Morgan Cole
acc-visa,play-prisma-access-gp,Pitched,374824,opp-visa-001,,2026-04-17,Casey Yamada
acc-visa,play-ngfw-refresh,Deferred,1277153,,,2026-02-27,Quinn Foster
acc-visa,play-sdwan-takeout,Interested,426092,opp-visa-001,,2026-04-22,Casey Yamada
acc-visa,play-xdr-edr,Not-touched,1250017,,,,Devon Reyes
acc-chevron,play-prisma-access-gp,Deferred,816643,,,2026-04-23,Casey Yamada
acc-chevron,play-xsiam-splunk,Deferred,1248878,,,2026-03-28,Casey Yamada
acc-chevron,play-sase-platform,Not-touched,836314,,,,Devon Reyes
acc-chevron,play-xpanse-attack-surf,Deferred,805135,,,2026-03-20,Riley Park
acc-chevron,play-vmseries-cloud,Not-touched,1085198,,,,Devon Reyes
acc-chevron,play-sdwan-takeout,Pitched,1337300,opp-chev-001,,2026-03-13,Devon Reyes
acc-chevron,play-cortex-cloud-cnapp,Not-touched,1013477,,,,Devon Reyes
acc-chevron,play-ngfw-refresh,Open-pipeline,878758,opp-chev-001,,2026-03-09,Casey Yamada
acc-chevron,play-unit42-ir-retainer,Not-touched,748977,,,,Riley Park
acc-chevron,play-xsiam-qradar,Not-touched,1310810,,,,Jordan Iqbal
acc-kaiser,play-xpanse-attack-surf,Interested,754987,opp-kp-001,,2026-03-30,Jordan Iqbal
acc-kaiser,play-unit42-ir-retainer,Closed-won,1323256,opp-kp-closed-001,,2026-04-04,Casey Yamada
acc-kaiser,play-xdr-edr,Open-pipeline,848286,opp-kp-001,opp-kp-002,2026-02-24,Devon Reyes
acc-kaiser,play-ngfw-refresh,Closed-won,432150,opp-kp-closed-001,,2026-02-14,Devon Reyes
acc-kaiser,play-xsiam-splunk,Pitched,1234239,,,2026-05-02,Devon Reyes
acc-kaiser,play-sase-platform,Open-pipeline,1420584,opp-kp-001,opp-kp-002,2026-04-17,Devon Reyes
acc-kaiser,play-xsiam-qradar,Pitched,676164,,,2026-03-25,Jordan Iqbal
acc-kaiser,play-sdwan-takeout,Not-touched,1104628,,,,Jordan Iqbal
acc-kaiser,play-prisma-access-gp,Open-pipeline,950681,opp-kp-001,opp-kp-002,2026-03-07,Jordan Iqbal
acc-kaiser,play-cdss-bundle-attach,Pitched,869288,opp-kp-001,,2026-04-10,Jordan Iqbal
acc-stanfordhc,play-ngfw-refresh,Deferred,1265598,,,2026-03-29,Casey Yamada
acc-stanfordhc,play-xdr-edr,Not-touched,977002,,,,Devon Reyes
acc-stanfordhc,play-xsiam-qradar,Open-pipeline,1268058,opp-shc-001,,2026-04-30,Morgan Cole
acc-stanfordhc,play-unit42-proactive,Open-pipeline,1061596,opp-shc-001,,2026-03-27,Morgan Cole
acc-stanfordhc,play-sase-platform,Pitched,1412963,,,2026-03-15,Quinn Foster
acc-stanfordhc,play-prisma-access-gp,Deferred,1047081,,,2026-04-17,Quinn Foster
acc-stanfordhc,play-cdss-bundle-attach,Deferred,1096787,,,2026-02-20,Morgan Cole
acc-stanfordhc,play-xsoar-soc-modern,Not-touched,979624,,,,Devon Reyes
acc-stanfordhc,play-cortex-cloud-cnapp,Pitched,1142074,opp-shc-001,,2026-04-17,Quinn Foster
acc-stanfordhc,play-vmseries-cloud,Not-touched,1106249,,,,Jordan Iqbal
acc-pge,play-unit42-proactive,Pitched,407143,,,2026-03-30,Devon Reyes
acc-pge,play-unit42-ir-retainer,Open-pipeline,1398649,opp-pge-001,,2026-02-13,Quinn Foster
acc-pge,play-cortex-cloud-cnapp,Open-pipeline,696039,opp-pge-001,opp-pge-002,2026-04-13,Devon Reyes
acc-pge,play-ngfw-refresh,Open-pipeline,712538,opp-pge-001,,2026-05-09,Casey Yamada
acc-pge,play-cdss-bundle-attach,Pitched,1140494,,,2026-03-18,Riley Park
acc-pge,play-sase-platform,Deferred,713378,,,2026-03-22,Casey Yamada
acc-pge,play-prisma-access-gp,Open-pipeline,1203377,opp-pge-001,,2026-02-11,Devon Reyes
acc-pge,play-xdr-edr,Not-touched,402554,,,,Casey Yamada
acc-pge,play-sdwan-takeout,Pitched,676962,,,2026-04-30,Morgan Cole
acc-pge,play-xpanse-attack-surf,Not-touched,740512,,,,Quinn Foster
acc-pge,play-xsiam-qradar,Not-touched,1374854,,,,Casey Yamada
acc-pge,play-xsiam-splunk,Pitched,1423509,,,2026-05-06,Riley Park
acc-youtube,play-cdss-bundle-attach,Deferred,340547,,,2026-02-28,Quinn Foster
acc-youtube,play-cortex-cloud-cnapp,Deferred,404661,,,2026-02-14,Morgan Cole
acc-youtube,play-xsiam-splunk,Pitched,186998,,,2026-02-28,Riley Park
acc-youtube,play-unit42-proactive,Not-touched,316806,,,,Riley Park
acc-youtube,play-ngfw-refresh,Not-touched,543709,,,,Quinn Foster
acc-youtube,play-vmseries-cloud,Open-pipeline,237840,opp-yt-001,opp-yt-002,2026-04-18,Quinn Foster
acc-youtube,play-sase-platform,Pitched,180148,,,2026-03-31,Riley Park
acc-youtube,play-xdr-edr,Interested,578489,opp-yt-001,,2026-02-16,Jordan Iqbal
acc-waymo,play-cdss-bundle-attach,Pitched,367878,opp-wm-001,,2026-04-05,Jordan Iqbal
acc-waymo,play-sase-platform,Not-touched,508595,,,,Quinn Foster
acc-waymo,play-xsiam-splunk,Not-touched,467389,,,,Jordan Iqbal
acc-waymo,play-unit42-ir-retainer,Interested,510663,opp-wm-001,,2026-05-02,Riley Park
acc-waymo,play-unit42-proactive,Open-pipeline,345129,opp-wm-001,,2026-03-10,Jordan Iqbal
acc-waymo,play-xsiam-qradar,Deferred,373368,,,2026-04-29,Riley Park
acc-waymo,play-ngfw-refresh,Deferred,490009,,,2026-03-06,Jordan Iqbal
acc-wfsecurities,play-unit42-ir-retainer,Deferred,221910,,,2026-04-12,Devon Reyes
acc-wfsecurities,play-cortex-cloud-cnapp,Not-touched,347453,,,,Quinn Foster
acc-wfsecurities,play-xpanse-attack-surf,Interested,628661,,,2026-02-22,Morgan Cole
acc-wfsecurities,play-unit42-proactive,Pitched,496280,,,2026-04-28,Riley Park
acc-wfsecurities,play-cdss-bundle-attach,Interested,410506,,,2026-03-04,Riley Park
acc-wfsecurities,play-vmseries-cloud,Deferred,146058,,,2026-02-19,Jordan Iqbal
acc-wfsecurities,play-xsiam-qradar,Interested,345600,,,2026-04-21,Jordan Iqbal
acc-wfsecurities,play-xdr-edr,Interested,511604,,,2026-04-26,Jordan Iqbal
acc-slack,play-unit42-ir-retainer,Pitched,377936,,,2026-05-05,Devon Reyes
acc-slack,play-sdwan-takeout,Pitched,210487,,,2026-03-19,Casey Yamada
acc-slack,play-xdr-edr,Pitched,570689,,,2026-05-03,Quinn Foster
acc-slack,play-sase-platform,Interested,271606,,,2026-03-27,Morgan Cole
acc-slack,play-xsiam-splunk,Pitched,552994,,,2026-02-11,Casey Yamada
acc-slack,play-unit42-proactive,Deferred,251699,,,2026-04-01,Quinn Foster
acc-tableau,play-unit42-ir-retainer,Interested,587582,,,2026-03-08,Jordan Iqbal
acc-tableau,play-sase-platform,Open-pipeline,542298,opp-tab-001,,2026-04-19,Casey Yamada
acc-tableau,play-sdwan-takeout,Pitched,388329,opp-tab-001,,2026-03-03,Jordan Iqbal
acc-tableau,play-xsiam-splunk,Not-touched,234454,,,,Devon Reyes
acc-tableau,play-cortex-cloud-cnapp,Open-pipeline,262250,opp-tab-001,opp-tab-002,2026-03-24,Quinn Foster
acc-tableau,play-vmseries-cloud,Not-touched,320492,,,,Riley Park
acc-tableau,play-prisma-access-gp,Interested,451350,opp-tab-001,,2026-05-06,Devon Reyes
acc-mulesoft,play-xsiam-qradar,Pitched,550450,opp-mule-001,,2026-04-28,Morgan Cole
acc-mulesoft,play-cortex-cloud-cnapp,Not-touched,164329,,,,Jordan Iqbal
acc-mulesoft,play-unit42-proactive,Open-pipeline,245016,opp-mule-001,,2026-04-11,Quinn Foster
acc-mulesoft,play-cdss-bundle-attach,Not-touched,241298,,,,Quinn Foster
acc-mulesoft,play-xsoar-soc-modern,Pitched,149825,,,2026-02-11,Casey Yamada
acc-mulesoft,play-xdr-edr,Interested,204833,opp-mule-001,,2026-05-08,Devon Reyes
acc-mulesoft,play-sase-platform,Pitched,534491,,,2026-02-16,Morgan Cole
acc-sutterhealth,play-xsiam-splunk,Open-pipeline,543912,opp-sutter-001,opp-sutter-002,2026-04-26,Casey Yamada
acc-sutterhealth,play-sase-platform,Interested,464554,,,2026-03-23,Jordan Iqbal
acc-sutterhealth,play-xsiam-qradar,Open-pipeline,438434,opp-sutter-001,opp-sutter-002,2026-04-26,Riley Park
acc-sutterhealth,play-sdwan-takeout,Not-touched,624296,,,,Quinn Foster
acc-sutterhealth,play-prisma-access-gp,Pitched,275673,,,2026-02-15,Morgan Cole
acc-sutterhealth,play-xsoar-soc-modern,Not-touched,393473,,,,Devon Reyes
acc-sutterhealth,play-xpanse-attack-surf,Deferred,534660,,,2026-02-22,Riley Park
acc-intel,play-sase-platform,Pitched,500998,,,2026-02-25,Devon Reyes
acc-intel,play-xpanse-attack-surf,Pitched,489550,,,2026-02-17,Riley Park
acc-intel,play-cdss-bundle-attach,Deferred,469215,,,2026-03-06,Morgan Cole
acc-intel,play-ngfw-refresh,Open-pipeline,551912,opp-intel-001,,2026-04-16,Morgan Cole
acc-intel,play-xsiam-qradar,Not-touched,202692,,,,Morgan Cole
acc-intel,play-sdwan-takeout,Open-pipeline,413925,opp-intel-001,,2026-02-11,Morgan Cole
acc-intel,play-xdr-edr,Open-pipeline,248904,opp-intel-001,opp-intel-002,2026-03-31,Riley Park
acc-intel,play-prisma-access-gp,Open-pipeline,302345,opp-intel-001,opp-intel-002,2026-04-02,Riley Park
acc-netflix,play-xsiam-qradar,Interested,235326,opp-nflx-001,,2026-02-11,Riley Park
acc-netflix,play-ngfw-refresh,Interested,342422,,,2026-04-20,Devon Reyes
acc-netflix,play-xpanse-attack-surf,Deferred,307908,,,2026-02-26,Riley Park
acc-netflix,play-cortex-cloud-cnapp,Not-touched,562573,,,,Devon Reyes
acc-netflix,play-xsoar-soc-modern,Open-pipeline,378914,opp-nflx-001,,2026-04-17,Morgan Cole
acc-netflix,play-vmseries-cloud,Open-pipeline,142309,opp-nflx-001,opp-nflx-002,2026-04-18,Jordan Iqbal
acc-stripe,play-xsiam-qradar,Open-pipeline,337662,opp-stripe-001,,2026-03-21,Casey Yamada
acc-stripe,play-unit42-ir-retainer,Not-touched,237712,,,,Morgan Cole
acc-stripe,play-vmseries-cloud,Deferred,577083,,,2026-03-03,Devon Reyes
acc-stripe,play-cdss-bundle-attach,Not-touched,142020,,,,Quinn Foster
acc-stripe,play-cortex-cloud-cnapp,Pitched,479827,,,2026-04-23,Casey Yamada
acc-stripe,play-xsiam-splunk,Pitched,428448,opp-stripe-001,,2026-05-04,Morgan Cole
acc-pinterest,play-xsiam-qradar,Deferred,627781,,,2026-03-27,Riley Park
acc-pinterest,play-xsoar-soc-modern,Pitched,232328,,,2026-03-19,Casey Yamada
acc-pinterest,play-xdr-edr,Not-touched,496312,,,,Devon Reyes
acc-pinterest,play-cortex-cloud-cnapp,Not-touched,150737,,,,Jordan Iqbal
acc-pinterest,play-unit42-ir-retainer,Not-touched,319629,,,,Quinn Foster
acc-pinterest,play-sase-platform,Open-pipeline,323844,opp-pin-001,,2026-03-02,Jordan Iqbal
acc-pinterest,play-xsiam-splunk,Not-touched,627393,,,,Quinn Foster
acc-servicenow,play-xpanse-attack-surf,Pitched,408168,,,2026-04-20,Devon Reyes
acc-servicenow,play-ngfw-refresh,Open-pipeline,448852,opp-snow-001,opp-snow-002,2026-02-14,Casey Yamada
acc-servicenow,play-unit42-ir-retainer,Open-pipeline,272288,opp-snow-001,,2026-04-22,Riley Park
acc-servicenow,play-vmseries-cloud,Open-pipeline,191407,opp-snow-001,,2026-04-24,Morgan Cole
acc-servicenow,play-xsiam-splunk,Not-touched,192069,,,,Devon Reyes
acc-servicenow,play-xsiam-qradar,Open-pipeline,521199,opp-snow-001,,2026-04-14,Morgan Cole
acc-workday,play-xsiam-splunk,Deferred,301995,,,2026-05-09,Casey Yamada
acc-workday,play-sdwan-takeout,Open-pipeline,584371,opp-wday-001,,2026-02-13,Riley Park
acc-workday,play-cdss-bundle-attach,Not-touched,184140,,,,Jordan Iqbal
acc-workday,play-ngfw-refresh,Not-touched,494552,,,,Morgan Cole
acc-workday,play-xdr-edr,Open-pipeline,363808,opp-wday-001,,2026-04-06,Riley Park
acc-workday,play-xsiam-qradar,Not-touched,538457,,,,Casey Yamada
acc-workday,play-prisma-access-gp,Open-pipeline,316505,opp-wday-001,,2026-03-16,Quinn Foster
acc-workday,play-sase-platform,Not-touched,557110,,,,Casey Yamada
acc-twilio,play-unit42-proactive,Closed-lost,354480,opp-twil-closed-001,,2026-02-19,Morgan Cole
acc-twilio,play-cdss-bundle-attach,Deferred,185546,,,2026-03-27,Devon Reyes
acc-twilio,play-xpanse-attack-surf,Not-touched,336122,,,,Riley Park
acc-twilio,play-xsoar-soc-modern,Pitched,329000,,,2026-03-17,Quinn Foster
acc-twilio,play-unit42-ir-retainer,Deferred,221721,,,2026-04-23,Quinn Foster
acc-twilio,play-sase-platform,Open-pipeline,620968,opp-twil-001,,2026-04-19,Casey Yamada
acc-doordash,play-cortex-cloud-cnapp,Open-pipeline,439565,opp-dd-001,,2026-04-23,Riley Park
acc-doordash,play-xsiam-qradar,Deferred,195339,,,2026-03-18,Riley Park
acc-doordash,play-unit42-proactive,Not-touched,268190,,,,Morgan Cole
acc-doordash,play-xpanse-attack-surf,Not-touched,565482,,,,Jordan Iqbal
acc-doordash,play-unit42-ir-retainer,Open-pipeline,422558,opp-dd-001,,2026-02-13,Morgan Cole
acc-doordash,play-cdss-bundle-attach,Interested,477238,,,2026-03-15,Quinn Foster
acc-doordash,play-xsiam-splunk,Open-pipeline,376145,opp-dd-001,,2026-02-16,Riley Park
acc-lyft,play-unit42-proactive,Interested,369951,,,2026-04-18,Casey Yamada
acc-lyft,play-xdr-edr,Open-pipeline,297110,opp-lyft-001,,2026-03-28,Morgan Cole
acc-lyft,play-cortex-cloud-cnapp,Not-touched,249126,,,,Quinn Foster
acc-lyft,play-ngfw-refresh,Pitched,540380,opp-lyft-001,,2026-03-14,Jordan Iqbal
acc-lyft,play-xpanse-attack-surf,Interested,559728,,,2026-04-24,Riley Park
acc-lyft,play-cdss-bundle-attach,Open-pipeline,148706,opp-lyft-001,,2026-03-19,Riley Park
acc-airbnb,play-xdr-edr,Deferred,415542,,,2026-02-15,Quinn Foster
acc-airbnb,play-unit42-proactive,Interested,307018,,,2026-04-11,Riley Park
acc-airbnb,play-ngfw-refresh,Pitched,516034,,,2026-02-14,Morgan Cole
acc-airbnb,play-vmseries-cloud,Open-pipeline,195871,opp-abnb-001,,2026-04-11,Casey Yamada
acc-airbnb,play-cortex-cloud-cnapp,Pitched,546643,,,2026-04-02,Jordan Iqbal
acc-airbnb,play-sdwan-takeout,Interested,484027,opp-abnb-001,,2026-04-18,Riley Park
acc-databricks,play-unit42-proactive,Open-pipeline,231896,opp-dbx-001,,2026-03-20,Devon Reyes
acc-databricks,play-xsoar-soc-modern,Interested,522895,,,2026-04-26,Riley Park
acc-databricks,play-unit42-ir-retainer,Not-touched,450287,,,,Quinn Foster
acc-databricks,play-xsiam-splunk,Interested,518351,,,2026-02-14,Jordan Iqbal
acc-databricks,play-vmseries-cloud,Deferred,205971,,,2026-03-07,Casey Yamada
acc-databricks,play-sdwan-takeout,Interested,163800,,,2026-02-24,Riley Park
acc-snowflake,play-unit42-ir-retainer,Open-pipeline,437018,opp-snow2-001,opp-snow2-002,2026-03-21,Riley Park
acc-snowflake,play-cdss-bundle-attach,Deferred,588796,,,2026-04-08,Morgan Cole
acc-snowflake,play-xsoar-soc-modern,Pitched,308000,opp-snow2-001,,2026-04-22,Devon Reyes
acc-snowflake,play-cortex-cloud-cnapp,Interested,483006,,,2026-04-01,Quinn Foster
acc-snowflake,play-unit42-proactive,Interested,293816,,,2026-02-28,Quinn Foster
acc-snowflake,play-xpanse-attack-surf,Not-touched,242759,,,,Quinn Foster
acc-snowflake,play-vmseries-cloud,Pitched,309193,,,2026-02-15,Devon Reyes
acc-snowflake,play-prisma-access-gp,Interested,480212,,,2026-04-25,Morgan Cole
acc-reddit,play-xsiam-qradar,Closed-lost,146257,opp-reddit-001,,2026-04-26,Casey Yamada
acc-reddit,play-cortex-cloud-cnapp,Pitched,166001,opp-reddit-002,,2026-04-05,Devon Reyes
acc-reddit,play-unit42-ir-retainer,Closed-lost,474861,opp-reddit-001,,2026-04-21,Casey Yamada
acc-reddit,play-xpanse-attack-surf,Open-pipeline,284618,opp-reddit-002,,2026-03-01,Casey Yamada
acc-reddit,play-xsiam-splunk,Pitched,361771,,,2026-02-12,Quinn Foster
acc-reddit,play-xdr-edr,Open-pipeline,249910,opp-reddit-002,,2026-02-16,Jordan Iqbal
acc-reddit,play-sdwan-takeout,Interested,390351,,,2026-04-03,Quinn Foster
acc-reddit,play-xsoar-soc-modern,Open-pipeline,593977,opp-reddit-002,,2026-03-21,Riley Park
acc-roblox,play-sase-platform,Not-touched,450556,,,,Quinn Foster
acc-roblox,play-xdr-edr,Open-pipeline,510002,opp-rblx-001,,2026-03-01,Quinn Foster
acc-roblox,play-ngfw-refresh,Open-pipeline,520311,opp-rblx-001,,2026-04-15,Morgan Cole
acc-roblox,play-xsoar-soc-modern,Interested,621892,opp-rblx-001,,2026-04-17,Quinn Foster
acc-roblox,play-sdwan-takeout,Interested,324827,,,2026-02-27,Morgan Cole
acc-roblox,play-prisma-access-gp,Not-touched,426153,,,,Morgan Cole
acc-roblox,play-xsiam-qradar,Not-touched,368502,,,,Devon Reyes
acc-roblox,play-xsiam-splunk,Not-touched,595027,,,,Jordan Iqbal
acc-ebay,play-unit42-ir-retainer,Open-pipeline,409578,opp-ebay-001,opp-ebay-002,2026-03-30,Jordan Iqbal
acc-ebay,play-xpanse-attack-surf,Not-touched,230095,,,,Casey Yamada
acc-ebay,play-cortex-cloud-cnapp,Open-pipeline,218091,opp-ebay-001,,2026-03-19,Casey Yamada
acc-ebay,play-unit42-proactive,Pitched,572864,,,2026-03-28,Morgan Cole
acc-ebay,play-sdwan-takeout,Pitched,605651,,,2026-03-10,Jordan Iqbal
acc-ebay,play-xsiam-qradar,Open-pipeline,620755,opp-ebay-001,opp-ebay-002,2026-02-13,Morgan Cole
acc-schwab,play-prisma-access-gp,Pitched,530141,opp-sch-001,,2026-04-07,Jordan Iqbal
acc-schwab,play-xpanse-attack-surf,Open-pipeline,152105,opp-sch-001,,2026-03-23,Jordan Iqbal
acc-schwab,play-cortex-cloud-cnapp,Open-pipeline,358322,opp-sch-001,opp-sch-002,2026-02-15,Devon Reyes
acc-schwab,play-xsoar-soc-modern,Pitched,180349,opp-sch-001,,2026-03-02,Jordan Iqbal
acc-schwab,play-unit42-proactive,Not-touched,172081,,,,Quinn Foster
acc-schwab,play-ngfw-refresh,Open-pipeline,244455,opp-sch-001,,2026-04-26,Devon Reyes
acc-schwab,play-sase-platform,Interested,484344,,,2026-03-15,Quinn Foster
acc-genentech,play-xsoar-soc-modern,Not-touched,175891,,,,Devon Reyes
acc-genentech,play-xpanse-attack-surf,Open-pipeline,413461,opp-gen-001,,2026-04-10,Morgan Cole
acc-genentech,play-cdss-bundle-attach,Pitched,361051,,,2026-03-30,Casey Yamada
acc-genentech,play-ngfw-refresh,Pitched,197969,opp-gen-001,,2026-02-19,Casey Yamada
acc-genentech,play-xsiam-qradar,Open-pipeline,426947,opp-gen-001,,2026-04-30,Morgan Cole
acc-genentech,play-sase-platform,Deferred,192006,,,2026-02-11,Morgan Cole
acc-ucsfhealth,play-vmseries-cloud,Interested,206826,,,2026-03-01,Morgan Cole
acc-ucsfhealth,play-sdwan-takeout,Deferred,210597,,,2026-02-12,Quinn Foster
acc-ucsfhealth,play-xsiam-qradar,Open-pipeline,609121,opp-ucsf-001,opp-ucsf-002,2026-02-27,Devon Reyes
acc-ucsfhealth,play-xsiam-splunk,Not-touched,142464,,,,Jordan Iqbal
acc-ucsfhealth,play-xpanse-attack-surf,Pitched,408287,opp-ucsf-001,,2026-04-13,Quinn Foster
acc-ucsfhealth,play-ngfw-refresh,Open-pipeline,495709,opp-ucsf-001,opp-ucsf-002,2026-02-16,Jordan Iqbal
acc-ucsfhealth,play-xsoar-soc-modern,Not-touched,230156,,,,Jordan Iqbal
acc-ucsfhealth,play-unit42-proactive,Open-pipeline,235219,opp-ucsf-001,opp-ucsf-002,2026-02-26,Casey Yamada
acc-gilead,play-xsiam-qradar,Not-touched,424491,,,,Morgan Cole
acc-gilead,play-xpanse-attack-surf,Pitched,468934,opp-gil-001,,2026-04-03,Jordan Iqbal
acc-gilead,play-xdr-edr,Not-touched,234814,,,,Riley Park
acc-gilead,play-vmseries-cloud,Interested,442007,,,2026-02-24,Devon Reyes
acc-gilead,play-sdwan-takeout,Interested,318601,,,2026-03-16,Devon Reyes
acc-gilead,play-unit42-ir-retainer,Not-touched,260625,,,,Devon Reyes
acc-gilead,play-cortex-cloud-cnapp,Open-pipeline,454010,opp-gil-001,opp-gil-002,2026-03-24,Devon Reyes
acc-gilead,play-ngfw-refresh,Open-pipeline,302465,opp-gil-001,opp-gil-002,2026-03-13,Morgan Cole
acc-ea,play-xsiam-qradar,Open-pipeline,208600,opp-ea-001,,2026-04-06,Quinn Foster
acc-ea,play-xdr-edr,Deferred,177466,,,2026-04-30,Casey Yamada
acc-ea,play-vmseries-cloud,Open-pipeline,449496,opp-ea-001,,2026-02-24,Riley Park
acc-ea,play-cdss-bundle-attach,Open-pipeline,244252,opp-ea-001,opp-ea-002,2026-04-06,Jordan Iqbal
acc-ea,play-cortex-cloud-cnapp,Deferred,404441,,,2026-02-15,Devon Reyes
acc-ea,play-xsoar-soc-modern,Pitched,249420,,,2026-04-02,Devon Reyes
acc-ea,play-sdwan-takeout,Interested,390101,,,2026-03-06,Casey Yamada
acc-williamssonoma,play-prisma-access-gp,Not-touched,621108,,,,Quinn Foster
acc-williamssonoma,play-unit42-ir-retainer,Not-touched,221263,,,,Jordan Iqbal
acc-sutterbay,play-xsiam-qradar,Interested,143056,,,2026-04-21,Quinn Foster
acc-sutterbay,play-cdss-bundle-attach,Open-pipeline,205781,opp-sbmf-001,,2026-05-04,Devon Reyes
acc-sutterbay,play-unit42-ir-retainer,Open-pipeline,86933,opp-sbmf-001,,2026-04-06,Morgan Cole
acc-pamf,play-ngfw-refresh,Interested,180965,,,2026-03-12,Casey Yamada
acc-pamf,play-xpanse-attack-surf,Not-touched,156952,,,,Casey Yamada
acc-pamf,play-prisma-access-gp,Open-pipeline,135590,opp-pamf-001,,2026-04-04,Quinn Foster
acc-gap,play-cortex-cloud-cnapp,Pitched,111591,,,2026-04-30,Jordan Iqbal
acc-gap,play-xdr-edr,Pitched,211409,opp-gap-001,,2026-03-19,Morgan Cole
acc-gap,play-unit42-proactive,Open-pipeline,105965,opp-gap-001,,2026-03-09,Jordan Iqbal
acc-gap,play-cdss-bundle-attach,Not-touched,196181,,,,Riley Park
acc-levi,play-prisma-access-gp,Open-pipeline,83534,opp-levi-001,,2026-04-16,Devon Reyes
acc-levi,play-vmseries-cloud,Pitched,168506,opp-levi-001,,2026-04-10,Riley Park
acc-levi,play-xdr-edr,Open-pipeline,169002,opp-levi-001,,2026-03-09,Quinn Foster
acc-safeway,play-xsiam-qradar,Open-pipeline,117031,opp-saf-001,opp-saf-002,2026-04-23,Jordan Iqbal
acc-safeway,play-prisma-access-gp,Open-pipeline,70633,opp-saf-001,,2026-02-25,Devon Reyes
acc-safeway,play-cortex-cloud-cnapp,Not-touched,91387,,,,Devon Reyes
acc-safeway,play-cdss-bundle-attach,Interested,116116,,,2026-02-17,Casey Yamada
acc-ross,play-xsoar-soc-modern,Not-touched,123466,,,,Riley Park
acc-ross,play-xpanse-attack-surf,Not-touched,193706,,,,Devon Reyes
acc-ross,play-sdwan-takeout,Not-touched,84853,,,,Riley Park
acc-ross,play-vmseries-cloud,Not-touched,148940,,,,Jordan Iqbal
acc-ross,play-prisma-access-gp,Not-touched,185836,,,,Devon Reyes
acc-citysf,play-xpanse-attack-surf,Deferred,148217,,,2026-05-01,Devon Reyes
acc-citysf,play-xdr-edr,Pitched,70211,opp-csf-001,,2026-03-04,Jordan Iqbal
acc-citysf,play-sdwan-takeout,Open-pipeline,186854,opp-csf-001,,2026-02-21,Casey Yamada
acc-citysf,play-cdss-bundle-attach,Not-touched,199470,,,,Jordan Iqbal
acc-citysf,play-sase-platform,Not-touched,179689,,,,Jordan Iqbal
acc-stanforduniv,play-vmseries-cloud,Not-touched,149383,,,,Casey Yamada
acc-stanforduniv,play-xsiam-qradar,Deferred,178178,,,2026-02-15,Riley Park
acc-stanforduniv,play-xpanse-attack-surf,Interested,110223,opp-su-001,,2026-03-03,Riley Park
acc-ucb,play-unit42-ir-retainer,Pitched,183176,,,2026-02-25,Casey Yamada
acc-ucb,play-xsiam-qradar,Interested,90759,,,2026-04-29,Morgan Cole
acc-ucb,play-xsiam-splunk,Open-pipeline,139346,opp-ucb-001,,2026-04-07,Devon Reyes
acc-bart,play-xsoar-soc-modern,Interested,67795,opp-bart-001,,2026-02-15,Devon Reyes
acc-bart,play-unit42-proactive,Open-pipeline,101071,opp-bart-001,,2026-03-24,Casey Yamada
acc-bart,play-ngfw-refresh,Not-touched,157464,,,,Morgan Cole
